datum;helyszin;nev;nem;szuldat;nemzet;helyezes;hiba;csapat;tipus;motor
1961.05.14;Monaco;;;;;;;;;
1961.05.22;Hollandia;;;;;;;;;;
1961.06.18;Belgium;;;;;;;;;;
1961.07.02;Franciaország;;;;;;;;;
1961.07.15;Nagy-Britannia;;;;;;;;;
1961.08.06;Németország;;;;;;;;;
1961.09.10;Olaszország;;;;;;;;;
1961.10.08;USA;;;;;;;;;
1962.05.20;Hollandia;;;;;;;;;
1962.06.03;Monaco;;;;;;;;;
1962.06.17;Belgium;;;;;;;;;
1962.07.08;Franciaország;;;;;;;;;
1962.07.21;Nagy-Britannia;;;;;;;;;
1962.08.05;Németország;;;;;;;;;
1962.09.16;Olaszország;;;;;;;;;
1962.10.07;USA;;;;;;;;;
1962.12.29;Dél-Afrika;;;;;;;;;
1963.05.26;Monaco;;;;;;;;;
1963.06.09;Belgium;;;;;;;;;
1963.06.23;Hollandia;;;;;;;;;
1963.06.30;Franciaország;;;;;;;;;
1963.07.20;Nagy-Britannia;;;;;;;;;
1963.08.04;Németország;;;;;;;;;
1963.09.08;Olaszország;;;;;;;;;
1963.10.06;USA;;;;;;;;;
1963.10.27;Mexikó;;;;;;;;;
1963.12.28;Dél-Afrika;;;;;;;;;
1964.05.10;Monaco;;;;;;;;;
1964.05.24;Hollandia;;;;;;;;;
1964.06.14;Belgium;;;;;;;;;
1964.06.28;Franciaország;;;;;;;;;
1964.07.11;Nagy-Britannia;;;;;;;;;
1964.08.02;Németország;;;;;;;;;
1964.08.23;Ausztria;;;;;;;;;
1964.09.06;Olaszország;;;;;;;;;
1964.10.04;USA;;;;;;;;;
1964.10.25;Mexikó;;;;;;;;;
1965.01.01;Dél-Afrika;;;;;;;;;
1965.05.30;Monaco;;;;;;;;;
1965.06.13;Belgium;;;;;;;;;
1965.06.27;Franciaország;;;;;;;;;
1965.07.10;Nagy-Britannia;;;;;;;;;
1965.07.18;Hollandia;;;;;;;;;
1965.08.01;Németország;;;;;;;;;
1965.09.12;Olaszország;;;;;;;;;
1965.10.03;USA;;;;;;;;;
1965.10.24;Mexikó;;;;;;;;;
1966.05.22;Monaco;;;;;;;;;
1966.06.12;Belgium;;;;;;;;;
1966.07.03;Franciaország;;;;;;;;;
1966.07.16;Nagy-Britannia;;;;;;;;;
1966.07.24;Hollandia;;;;;;;;;
1966.08.07;Németország;;;;;;;;;
1966.09.04;Olaszország;;;;;;;;;
1966.10.02;USA;;;;;;;;;
1966.10.23;Mexikó;;;;;;;;;
1967.01.02;Dél-Afrika;;;;;;;;;
1967.05.07;Monaco;;;;;;;;;
1967.06.04;Hollandia;;;;;;;;;
1967.06.18;Belgium;;;;;;;;;
1967.07.02;Franciaország;;;;;;;;;
1967.07.15;Nagy-Britannia;;;;;;;;;
1967.08.06;Németország;;;;;;;;;
1967.08.27;Kanada;;;;;;;;;
1967.09.10;Olaszország;;;;;;;;;
1967.10.01;USA;;;;;;;;;
1967.10.22;Mexikó;;;;;;;;;
1968.01.01;Dél-Afrika;;;;;;;;;
1968.05.12;Spanyolország;;;;;;;;;
1968.05.26;Monaco;;;;;;;;;
1968.06.09;Belgium;;;;;;;;;
1968.06.23;Hollandia;;;;;;;;;
1968.07.07;Franciaország;;;;;;;;;
1968.07.20;Nagy-Britannia;;;;;;;;;
1968.08.04;Németország;;;;;;;;;
1968.09.08;Olaszország;;;;;;;;;
1968.09.22;Kanada;;;;;;;;;
1968.10.06;USA;;;;;;;;;
1968.11.03;Mexikó;;;;;;;;;
1969.03.01;Dél-Afrika;;;;;;;;;
1969.05.04;Spanyolország;;;;;;;;;
1969.05.18;Monaco;;;;;;;;;
1969.06.21;Hollandia;;;;;;;;;
1969.07.06;Franciaország;;;;;;;;;
1969.07.19;Nagy-Britannia;;;;;;;;;
1969.08.03;Németország;;;;;;;;;
1969.09.07;Olaszország;;;;;;;;;
1969.09.20;Kanada;;;;;;;;;
1969.10.05;USA;;;;;;;;;
1969.10.19;Mexikó;;;;;;;;;
1954.09.05;Olaszország;Juan-Manuel Fangio;F;1911.6.24;argentín;1;;Daimler Benz AG;Mercedes;Mercedes
1954.01.17;Argentína;Juan-Manuel Fangio;F;1911.6.24;argentín;1;;Officine Alfieri Maserati;Maserati;Maserati
1954.06.20;Belgium;Juan-Manuel Fangio;F;1911.6.24;argentín;1;;Officine Alfieri Maserati;Maserati;Maserati
1954.07.04;Franciaország;Juan-Manuel Fangio;F;1911.6.24;argentín;1;;Daimler Benz AG;Mercedes;Mercedes
1950.07.02;Franciaország;Juan-Manuel Fangio;F;1911.6.24;argentín;1;;Alfa Romeo SpA;Alfa;Alfa
1954.07.17;Nagy-Britannia;Juan-Manuel Fangio;F;1911.6.24;argentín;4;;Daimler Benz AG;Mercedes;Mercedes
1954.08.01;Németország;Juan-Manuel Fangio;F;1911.6.24;argentín;1;;Daimler Benz AG;Mercedes;Mercedes
1950.09.03;Olaszország;Juan-Manuel Fangio;F;1911.6.24;argentín;;sebességváltó;Alfa Romeo SpA;Alfa;Alfa
1954.08.22;Svájc;Juan-Manuel Fangio;F;1911.6.24;argentín;1;;Daimler Benz AG;Mercedes;Mercedes
1954.10.24;Spanyolország;Juan-Manuel Fangio;F;1911.6.24;argentín;3;;Daimler Benz AG;Mercedes;Mercedes
1951.06.17;Belgium;Juan-Manuel Fangio;F;1911.6.24;argentín;9;;Alfa Romeo SpA;Alfa;Alfa
1955.05.22;Monaco;Juan-Manuel Fangio;F;1911.6.24;argentín;;futómû;Daimler Benz AG;Mercedes;Mercedes
1953.07.05;Franciaország;Juan-Manuel Fangio;F;1911.6.24;argentín;2;;Officine Alfieri Maserati;Maserati;Maserati
1950.09.03;Olaszország;Juan-Manuel Fangio;F;1911.6.24;argentín;;kiesett;Alfa Romeo SpA;Alfa;Alfa
1955.01.16;Argentína;Juan-Manuel Fangio;F;1911.6.24;argentín;1;;Daimler Benz AG;Mercedes;Mercedes
1951.05.27;Svájc;Juan-Manuel Fangio;F;1911.6.24;argentín;1;;Alfa Romeo SpA;Alfa;Alfa
1953.06.21;Belgium;Juan-Manuel Fangio;F;1911.6.24;argentín;;motor;Officine Alfieri Maserati;Maserati;Maserati
1951.09.16;Olaszország;Juan-Manuel Fangio;F;1911.6.24;argentín;;motor;Alfa Romeo SpA;Alfa;Alfa
1951.10.28;Spanyolország;Juan-Manuel Fangio;F;1911.6.24;argentín;1;;Alfa Romeo SpA;Alfa;Alfa
1955.06.05;Belgium;Juan-Manuel Fangio;F;1911.6.24;argentín;1;;Daimler Benz AG;Mercedes;Mercedes
1958.01.19;Argentína;Juan-Manuel Fangio;F;1911.6.24;argentín;4;;Scuderia Sud Americana;Maserati;Maserati
1951.07.29;Németország;Juan-Manuel Fangio;F;1911.6.24;argentín;2;;Alfa Romeo SpA;Alfa;Alfa
1951.07.14;Nagy-Britannia;Juan-Manuel Fangio;F;1911.6.24;argentín;2;;Alfa Romeo SpA;Alfa;Alfa
1951.07.01;Franciaország;Juan-Manuel Fangio;F;1911.6.24;argentín;11;;Alfa Romeo SpA;Alfa;Alfa
1953.06.21;Belgium;Juan-Manuel Fangio;F;1911.6.24;argentín;;kiesett;Officine Alfieri Maserati;Maserati;Maserati
1953.09.13;Olaszország;Juan-Manuel Fangio;F;1911.6.24;argentín;1;;Officine Alfieri Maserati;Maserati;Maserati
1953.07.18;Nagy-Britannia;Juan-Manuel Fangio;F;1911.6.24;argentín;2;;Officine Alfieri Maserati;Maserati;Maserati
1953.08.02;Németország;Juan-Manuel Fangio;F;1911.6.24;argentín;2;;Officine Alfieri Maserati;Maserati;Maserati
1953.08.23;Svájc;Juan-Manuel Fangio;F;1911.6.24;argentín;;kiesett;Officine Alfieri Maserati;Maserati;Maserati
1953.01.18;Argentína;Juan-Manuel Fangio;F;1911.6.24;argentín;;futómû;Officine Alfieri Maserati;Maserati;Maserati
1951.07.01;Franciaország;Juan-Manuel Fangio;F;1911.6.24;argentín;1;;Alfa Romeo SpA;Alfa;Alfa
1953.08.23;Svájc;Juan-Manuel Fangio;F;1911.6.24;argentín;4;;Officine Alfieri Maserati;Maserati;Maserati
1953.06.07;Hollandia;Juan-Manuel Fangio;F;1911.6.24;argentín;;sebességváltó;Officine Alfieri Maserati;Maserati;Maserati
1957.07.20;Nagy-Britannia;Juan-Manuel Fangio;F;1911.6.24;argentín;;motor;Officine Alfieri Maserati;Maserati;Maserati
1956.07.01;Franciaország;Juan-Manuel Fangio;F;1911.6.24;argentín;4;;Scuderia Ferrari;Lancia;Lancia
1955.06.19;Hollandia;Juan-Manuel Fangio;F;1911.6.24;argentín;1;;Daimler Benz AG;Mercedes;Mercedes
1956.08.05;Németország;Juan-Manuel Fangio;F;1911.6.24;argentín;1;;Scuderia Ferrari;Lancia;Lancia
1956.09.02;Olaszország;Juan-Manuel Fangio;F;1911.6.24;argentín;8;;Scuderia Ferrari;Ferrari;Ferrari
1957.01.13;Argentína;Juan-Manuel Fangio;F;1911.6.24;argentín;1;;Officine Alfieri Maserati;Maserati;Maserati
1956.06.03;Belgium;Juan-Manuel Fangio;F;1911.6.24;argentín;;futómû;Scuderia Ferrari;Lancia;Lancia
1957.07.07;Franciaország;Juan-Manuel Fangio;F;1911.6.24;argentín;1;;Officine Alfieri Maserati;Maserati;Maserati
1956.07.14;Nagy-Britannia;Juan-Manuel Fangio;F;1911.6.24;argentín;1;;Scuderia Ferrari;Lancia;Lancia
1950.05.13;Nagy-Britannia;Juan-Manuel Fangio;F;1911.6.24;argentín;;olajfolyás;Alfa Romeo SpA;Alfa;Alfa
1957.08.04;Németország;Juan-Manuel Fangio;F;1911.6.24;argentín;1;;Officine Alfieri Maserati;Maserati;Maserati
1957.08.18;Olaszország;Juan-Manuel Fangio;F;1911.6.24;argentín;2;;Officine Alfieri Maserati;Maserati;Maserati
1957.09.08;Olaszország;Juan-Manuel Fangio;F;1911.6.24;argentín;2;;Officine Alfieri Maserati;Maserati;Maserati
1957.05.19;Monaco;Juan-Manuel Fangio;F;1911.6.24;argentín;1;;Officine Alfieri Maserati;Maserati;Maserati
1958.07.06;Franciaország;Juan-Manuel Fangio;F;1911.6.24;argentín;4;;;Maserati;Maserati
1950.05.21;Monaco;Juan-Manuel Fangio;F;1911.6.24;argentín;1;;Alfa Romeo SpA;Alfa;Alfa
1956.01.22;Argentína;Juan-Manuel Fangio;F;1911.6.24;argentín;;benzinpumpa;Scuderia Ferrari;Lancia;Lancia
1950.06.18;Belgium;Juan-Manuel Fangio;F;1911.6.24;argentín;1;;Alfa Romeo SpA;Alfa;Alfa
1955.07.16;Nagy-Britannia;Juan-Manuel Fangio;F;1911.6.24;argentín;2;;Daimler Benz AG;Mercedes;Mercedes
1956.05.13;Monaco;Juan-Manuel Fangio;F;1911.6.24;argentín;4;;Scuderia Ferrari;Lancia;Lancia
1955.09.11;Olaszország;Juan-Manuel Fangio;F;1911.6.24;argentín;1;;Daimler Benz AG;Mercedes;Mercedes
1956.09.02;Olaszország;Juan-Manuel Fangio;F;1911.6.24;argentín;2;;Scuderia Ferrari;Lancia;Lancia
1956.05.13;Monaco;Juan-Manuel Fangio;F;1911.6.24;argentín;2;;Scuderia Ferrari;Lancia;Lancia
1950.06.04;Svájc;Juan-Manuel Fangio;F;1911.6.24;argentín;;motor;Alfa Romeo SpA;Alfa;Alfa
1956.01.22;Argentína;Juan-Manuel Fangio;F;1911.6.24;argentín;1;;Scuderia Ferrari;Lancia;Lancia
1970.03.07;Dél-Afrika;;;;;;;;;;
1970.04.19;Spanyolország;;;;;;;;;
1970.05.10;Monaco;;;;;;;;;
1970.06.07;Belgium;;;;;;;;;
1970.06.21;Hollandia;;;;;;;;;
1970.07.05;Franciaország;;;;;;;;;
1970.07.18;Nagy-Britannia;;;;;;;;;
1970.08.02;Németország;;;;;;;;;
1970.08.16;Ausztria;;;;;;;;;
1970.09.06;Olaszország;;;;;;;;;
1970.09.20;Kanada;;;;;;;;;
1970.10.04;USA;;;;;;;;;
1970.10.25;Mexikó;;;;;;;;;
1971.03.06;Dél-Afrika;;;;;;;;;
1971.04.18;Spanyolország;;;;;;;;;
1971.05.23;Monaco;;;;;;;;;
1971.06.20;Hollandia;;;;;;;;;
1971.07.04;Franciaország;;;;;;;;;
1971.07.17;Nagy-Britannia;;;;;;;;;
1971.08.01;Németország;;;;;;;;;
1971.08.15;Ausztria;;;;;;;;;
1971.09.05;Olaszország;;;;;;;;;
1971.09.19;Kanada;;;;;;;;;
1971.10.03;USA;;;;;;;;;
1973.01.28;Argentína;;;;;;;;;
1973.02.11;Brazília;;;;;;;;;
1973.03.03;Dél-Afrika;;;;;;;;;
1973.04.29;Spanyolország;;;;;;;;;
1973.05.20;Belgium;;;;;;;;;
1973.06.03;Monaco;;;;;;;;;
1973.06.17;Svédország;;;;;;;;;
1973.07.01;Franciaország;;;;;;;;;
1973.07.14;Nagy-Britannia;;;;;;;;;
1973.07.29;Hollandia;;;;;;;;;
1973.08.05;Németország;;;;;;;;;
1973.08.19;Ausztria;;;;;;;;;
1973.09.09;Olaszország;;;;;;;;;
1973.09.23;Kanada;;;;;;;;;
1973.10.07;USA;;;;;;;;;
1974.01.13;Argentína;;;;;;;;;
1974.01.27;Brazília;;;;;;;;;
1974.03.30;Dél-Afrika;;;;;;;;;
1974.04.28;Spanyolország;;;;;;;;;
1974.05.12;Belgium;;;;;;;;;
1974.05.26;Monaco;;;;;;;;;
1974.06.09;Svédország;;;;;;;;;
1974.06.23;Hollandia;;;;;;;;;
1974.07.07;Franciaország;;;;;;;;;
1974.07.20;Nagy-Britannia;;;;;;;;;
1974.08.04;Németország;;;;;;;;;
1974.08.18;Ausztria;;;;;;;;;
1974.09.08;Olaszország;;;;;;;;;
1974.09.22;Kanada;;;;;;;;;
1974.10.06;USA;;;;;;;;;
1975.01.12;Argentína;;;;;;;;;
1975.01.26;Brazília;;;;;;;;;
1975.03.01;Dél-Afrika;;;;;;;;;
1975.04.27;Spanyolország;;;;;;;;;
1975.05.11;Monaco;;;;;;;;;
1975.05.25;Belgium;;;;;;;;;
1975.06.08;Svédország;;;;;;;;;
1975.06.22;Hollandia;;;;;;;;;
1975.07.06;Franciaország;;;;;;;;;
1975.07.19;Nagy-Britannia;;;;;;;;;
1975.08.03;Németország;;;;;;;;;
1975.08.17;Ausztria;;;;;;;;;
1975.09.07;Olaszország;;;;;;;;;
1975.10.05;USA;;;;;;;;;
1976.01.25;Brazília;;;;;;;;;
1976.03.06;Dél-Afrika;;;;;;;;;
1976.03.28;USA;;;;;;;;;
1976.05.02;Spanyolország;;;;;;;;;
1976.05.16;Belgium;;;;;;;;;
1976.05.30;Monaco;;;;;;;;;
1976.06.13;Svédország;;;;;;;;;
1976.07.04;Franciaország;;;;;;;;;
1976.07.18;Nagy-Britannia;;;;;;;;;
1976.08.01;Németország;;;;;;;;;
1976.08.15;Ausztria;;;;;;;;;
1976.08.29;Hollandia;;;;;;;;;
1976.09.12;Olaszország;;;;;;;;;
1976.10.03;Kanada;;;;;;;;;
1976.10.10;USA;;;;;;;;;
1976.10.24;Japán;;;;;;;;;
1977.01.09;Argentína;;;;;;;;;
1977.01.23;Brazília;;;;;;;;;
1977.03.05;Dél-Afrika;;;;;;;;;
1977.04.03;USA;;;;;;;;;
1977.05.08;Spanyolország;;;;;;;;;
1977.05.22;Monaco;;;;;;;;;
1977.06.05;Belgium;;;;;;;;;
1977.06.19;Svédország;;;;;;;;;
1977.07.03;Franciaország;;;;;;;;;
1977.07.17;Nagy-Britannia;;;;;;;;;
1977.07.31;Németország;;;;;;;;;
1977.08.14;Ausztria;;;;;;;;;
1977.08.28;Hollandia;;;;;;;;;
1977.09.11;Olaszország;;;;;;;;;
1977.10.02;USA;;;;;;;;;
1977.10.09;Kanada;;;;;;;;;
1977.10.23;Japán;;;;;;;;;
1978.01.15;Argentína;;;;;;;;;
1978.01.29;Brazília;;;;;;;;;
1978.03.04;Dél-Afrika;;;;;;;;;
1978.04.02;USA;;;;;;;;;
1978.05.07;Monaco;;;;;;;;;
1978.05.21;Belgium;;;;;;;;;
1978.06.04;Spanyolország;;;;;;;;;
1978.06.17;Svédország;;;;;;;;;
1978.07.02;Franciaország;;;;;;;;;
1978.07.16;Nagy-Britannia;;;;;;;;;
1978.07.30;Németország;;;;;;;;;
1978.08.13;Ausztria;;;;;;;;;
1978.08.27;Hollandia;;;;;;;;;
1978.09.10;Olaszország;;;;;;;;;
1978.10.01;USA;;;;;;;;;
1978.10.08;Kanada;;;;;;;;;
1979.01.21;Argentína;;;;;;;;;
1979.02.04;Brazília;;;;;;;;;
1979.03.03;Dél-Afrika;;;;;;;;;
1979.04.08;USA;;;;;;;;;
1979.04.29;Spanyolország;;;;;;;;;
1979.05.13;Belgium;;;;;;;;;
1979.05.27;Monaco;;;;;;;;;
1979.07.01;Franciaország;;;;;;;;;
1979.07.14;Nagy-Britannia;;;;;;;;;
1979.07.29;Németország;;;;;;;;;
1979.08.12;Ausztria;;;;;;;;;
1979.08.26;Hollandia;;;;;;;;;
1979.09.09;Olaszország;;;;;;;;;
1979.09.30;Kanada;;;;;;;;;
1979.10.07;USA;;;;;;;;;
1980.01.13;Argentína;;;;;;;;;
1980.01.27;Brazília;;;;;;;;;
1980.03.01;Dél-Afrika;;;;;;;;;
1980.03.30;USA;;;;;;;;;
1980.05.04;Belgium;;;;;;;;;
1980.05.18;Monaco;;;;;;;;;
1980.06.29;Franciaország;;;;;;;;;
1980.07.13;Nagy-Britannia;;;;;;;;;
1980.08.10;Németország;;;;;;;;;
1980.08.17;Ausztria;;;;;;;;;
1980.08.31;Hollandia;;;;;;;;;
1980.09.14;San Marino;;;;;;;;;
1980.09.28;Kanada;;;;;;;;;
1980.10.05;USA;;;;;;;;;
1981.03.15;USA;;;;;;;;;
1981.03.29;Brazília;;;;;;;;;
1981.04.12;Argentína;;;;;;;;;
1981.05.03;San Marino;;;;;;;;;
1981.05.17;Belgium;;;;;;;;;
1981.05.31;Monaco;;;;;;;;;
1981.06.21;Spanyolország;;;;;;;;;
1981.07.05;Franciaország;;;;;;;;;
1981.07.18;Nagy-Britannia;;;;;;;;;
1981.08.02;Németország;;;;;;;;;
1981.08.16;Ausztria;;;;;;;;;
1981.08.30;Hollandia;;;;;;;;;
1981.09.13;Olaszország;;;;;;;;;
1981.09.27;Kanada;;;;;;;;;
1981.10.17;USA;;;;;;;;;
1982.01.23;Dél-Afrika;;;;;;;;;
1982.03.21;Brazília;;;;;;;;;
1982.04.04;USA;;;;;;;;;
1982.04.25;San Marino;;;;;;;;;
1982.05.09;Belgium;;;;;;;;;
1982.05.23;Monaco;;;;;;;;;
1982.06.06;USA;;;;;;;;;
1982.06.13;Kanada;;;;;;;;;
1982.07.03;Hollandia;;;;;;;;;
1982.07.18;Nagy-Britannia;;;;;;;;;
1982.07.25;Franciaország;;;;;;;;;
1982.08.08;Németország;;;;;;;;;
1982.08.15;Ausztria;;;;;;;;;
1982.08.29;Franciaország;;;;;;;;;
1982.09.12;Olaszország;;;;;;;;;
1982.09.25;USA;;;;;;;;;
1983.03.13;Brazília;;;;;;;;;
1983.03.27;USA;;;;;;;;;
1983.04.17;Franciaország;;;;;;;;;
1983.05.01;San Marino;;;;;;;;;
1983.05.15;Monaco;;;;;;;;;
1983.05.22;Belgium;;;;;;;;;
1983.06.05;USA;;;;;;;;;
1983.06.12;Kanada;;;;;;;;;
1983.07.16;Nagy-Britannia;;;;;;;;;
1983.08.07;Németország;;;;;;;;;
1983.08.14;Ausztria;;;;;;;;;
1983.08.28;Hollandia;;;;;;;;;
1983.09.11;Olaszország;;;;;;;;;
1983.09.25;Nagy-Britannia;;;;;;;;;
1983.10.15;Dél-Afrika;;;;;;;;;
1984.03.25;Brazília;;;;;;;;;
1984.04.07;Dél-Afrika;;;;;;;;;
1984.04.29;Belgium;;;;;;;;;
1984.05.06;San Marino;;;;;;;;;
1984.05.20;Franciaország;;;;;;;;;
1984.06.03;Monaco;;;;;;;;;
1984.06.17;Kanada;;;;;;;;;
1984.06.24;USA;;;;;;;;;
1984.07.08;USA;;;;;;;;;
1984.07.22;Nagy-Britannia;;;;;;;;;
1984.08.05;Németország;;;;;;;;;
1984.08.19;Ausztria;;;;;;;;;
1984.08.26;Hollandia;;;;;;;;;
1984.09.09;Olaszország;;;;;;;;;
1984.10.07;Németország;;;;;;;;;
1984.10.21;Portugália;;;;;;;;;
1985.04.07;Brazília;;;;;;;;;
1985.04.21;Portugália;;;;;;;;;
1985.05.05;San Marino;;;;;;;;;
1985.05.19;Monaco;;;;;;;;;
1985.06.16;Kanada;;;;;;;;;
1985.06.23;USA;;;;;;;;;
1985.07.07;Franciaország;;;;;;;;;
1985.07.21;Nagy-Britannia;;;;;;;;;
1985.08.04;Németország;;;;;;;;;
1985.08.18;Ausztria;;;;;;;;;
1985.08.25;Hollandia;;;;;;;;;
1985.09.08;Olaszország;;;;;;;;;
1985.09.15;Belgium;;;;;;;;;
1985.10.06;Nagy-Britannia;;;;;;;;;
1985.10.19;Dél-Afrika;;;;;;;;;
1985.11.03;Ausztrália;;;;;;;;;
;;Sam Posey;F;1944.5.26;amerikai;;;;;
;;Ernesto Prinoth;F;1923.1.1;olasz;;;;;
;;Hubert Hahne;F;1935.3.28;német;;;;;
1960.11.20;USA;Bob Drake;F;1919.12.14;amerikai;13;;Joe Lubin;Maserati;Maserati
;;Perry McCarthy;F;1962.3.3;brit;;;;;
;;Bertil Roos;F;1943.10.12;svéd;;;;;
;;Tom Pryce;F;1949.6.11;brit;;;;;
1986.03.23;Brazília;;;;;;;;;
1986.04.13;Spanyolország;;;;;;;;;
1986.04.27;San Marino;;;;;;;;;
1986.05.11;Monaco;;;;;;;;;
1986.05.25;Belgium;;;;;;;;;
1986.06.15;Kanada;;;;;;;;;
1986.06.22;USA;;;;;;;;;
1986.07.06;Franciaország;;;;;;;;;
1986.07.13;Nagy-Britannia;;;;;;;;;
1986.07.27;Németország;;;;;;;;;
1986.08.10;Magyarország;;;;;;;;;
1986.08.17;Ausztria;;;;;;;;;
1986.09.07;Olaszország;;;;;;;;;
1986.09.21;Portugália;;;;;;;;;
1986.10.12;Mexikó;;;;;;;;;
1986.10.26;Ausztrália;;;;;;;;;
1987.04.12;Brazília;;;;;;;;;
1987.05.03;San Marino;;;;;;;;;
1987.05.17;Belgium;;;;;;;;;
1987.05.31;Monaco;;;;;;;;;
1987.06.21;USA;;;;;;;;;
1987.07.05;Franciaország;;;;;;;;;
1987.07.12;Nagy-Britannia;;;;;;;;;
1987.07.26;Németország;;;;;;;;;
1987.08.09;Magyarország;;;;;;;;;
1987.08.16;Ausztria;;;;;;;;;
1987.09.06;Olaszország;;;;;;;;;
1987.09.20;Portugália;;;;;;;;;
1987.09.27;Spanyolország;;;;;;;;;
1987.10.18;Mexikó;;;;;;;;;
1987.11.01;Japán;;;;;;;;;
1987.11.15;Ausztrália;;;;;;;;;
1988.03.03;Brazília;;;;;;;;;
1988.05.01;San Marino;;;;;;;;;
1988.05.15;Monaco;;;;;;;;;
1988.05.29;Mexikó;;;;;;;;;
1988.06.12;Kanada;;;;;;;;;
1988.06.19;USA;;;;;;;;;
1988.07.03;Franciaország;;;;;;;;;
1988.07.10;Nagy-Britannia;;;;;;;;;
1988.07.24;Németország;;;;;;;;;
1988.08.07;Magyarország;;;;;;;;;
1988.08.28;Belgium;;;;;;;;;
1988.09.11;Olaszország;;;;;;;;;
1988.09.25;Portugália;;;;;;;;;
1988.10.02;Spanyolország;;;;;;;;;
1988.10.30;Japán;;;;;;;;;
1988.11.13;Ausztrália;;;;;;;;;
1989.03.26;Brazília;;;;;;;;;
1989.04.23;San Marino;;;;;;;;;
1989.05.07;Monaco;;;;;;;;;
1989.05.28;Mexikó;;;;;;;;;
1989.06.04;USA;;;;;;;;;
1989.06.18;Kanada;;;;;;;;;
1989.07.09;Franciaország;;;;;;;;;
1989.07.16;Nagy-Britannia;;;;;;;;;
1989.07.30;Németország;;;;;;;;;
1989.08.13;Magyarország;;;;;;;;;
1989.08.27;Belgium;;;;;;;;;
1989.09.10;Olaszország;;;;;;;;;
1989.09.24;Portugália;;;;;;;;;
1989.10.01;Spanyolország;;;;;;;;;
1989.10.22;Japán;;;;;;;;;
1989.11.05;Ausztrália;;;;;;;;;
1990.03.11;USA;;;;;;;;;
1990.03.25;Brazília;;;;;;;;;
1990.05.13;San Marino;;;;;;;;;
1990.05.27;Monaco;;;;;;;;;
1990.06.10;Kanada;;;;;;;;;
1990.06.24;Mexikó;;;;;;;;;
1990.07.08;Franciaország;;;;;;;;;
1990.07.15;Nagy-Britannia;;;;;;;;;
1990.07.29;Németország;;;;;;;;;
1990.08.12;Magyarország;;;;;;;;;
1990.08.26;Belgium;;;;;;;;;
1990.09.09;Olaszország;;;;;;;;;
1990.09.23;Portugália;;;;;;;;;
1990.09.30;Spanyolország;;;;;;;;;
1990.10.21;Japán;;;;;;;;;
1990.11.04;Ausztrália;;;;;;;;;
1991.03.10;USA;;;;;;;;;
1991.03.24;Brazília;;;;;;;;;
1991.04.28;San Marino;;;;;;;;;
1991.05.12;Monaco;;;;;;;;;
1991.06.02;Kanada;;;;;;;;;
1991.06.16;Mexikó;;;;;;;;;
1991.07.07;Franciaország;;;;;;;;;
1991.07.14;Nagy-Britannia;;;;;;;;;
1991.07.28;Németország;;;;;;;;;
1991.08.11;Magyarország;;;;;;;;;
1991.08.25;Belgium;;;;;;;;;
1991.09.08;Olaszország;;;;;;;;;
1991.09.22;Portugália;;;;;;;;;
1991.09.29;Spanyolország;;;;;;;;;
1991.10.20;Japán;;;;;;;;;
1991.11.03;Ausztrália;;;;;;;;;
1992.03.01;Dél-Afrika;;;;;;;;;
1992.03.22;Mexikó;;;;;;;;;
1992.04.05;Brazília;;;;;;;;;
1992.05.03;Spanyolország;;;;;;;;;
1992.05.17;San Marino;;;;;;;;;
1992.05.31;Monaco;;;;;;;;;
1992.06.14;Kanada;;;;;;;;;
1992.07.05;Franciaország;;;;;;;;;
1992.07.12;Nagy-Britannia;;;;;;;;;
1992.07.26;Németország;;;;;;;;;
1992.08.16;Magyarország;;;;;;;;;
1992.08.30;Belgium;;;;;;;;;
1992.09.13;Olaszország;;;;;;;;;
1992.09.27;Portugália;;;;;;;;;
1992.10.25;Japán;;;;;;;;;
1992.11.08;Ausztrália;;;;;;;;;
1993.03.14;Dél-Afrika;;;;;;;;;
1993.03.28;Brazília;;;;;;;;;
1993.04.11;Nagy-Britannia;;;;;;;;;
1993.04.25;San Marino;;;;;;;;;
1993.05.09;Spanyolország;;;;;;;;;
1993.05.23;Monaco;;;;;;;;;
1993.06.13;Kanada;;;;;;;;;
1993.07.04;Franciaország;;;;;;;;;
1993.07.11;Nagy-Britannia;;;;;;;;;
1993.07.25;Németország;;;;;;;;;
1993.08.15;Magyarország;;;;;;;;;
1993.08.29;Belgium;;;;;;;;;
1993.09.12;Olaszország;;;;;;;;;
1993.09.26;Portugália;;;;;;;;;
1993.10.24;Japán;;;;;;;;;
1993.11.07;Ausztrália;;;;;;;;;
1994.03.27;Brazília;;;;;;;;;
1994.04.17;Japán;;;;;;;;;
1994.05.01;San Marino;;;;;;;;;
1994.05.15;Monaco;;;;;;;;;
1994.05.29;Spanyolország;;;;;;;;;
1994.06.12;Kanada;;;;;;;;;
1994.07.03;Franciaország;;;;;;;;;
1994.07.10;Nagy-Britannia;;;;;;;;;
1994.07.31;Németország;;;;;;;;;
1994.08.14;Magyarország;;;;;;;;;
1994.08.28;Belgium;;;;;;;;;
1994.09.11;Olaszország;;;;;;;;;
1994.09.25;Portugália;;;;;;;;;
1994.10.16;Spanyolország;;;;;;;;;
1994.11.06;Japán;;;;;;;;;
1994.11.13;Ausztrália;;;;;;;;;
1995.03.26;Brazília;;;;;;;;;
1995.04.09;Argentína;;;;;;;;;
1995.04.30;San Marino;;;;;;;;;
1995.05.14;Spanyolország;;;;;;;;;
1995.05.28;Monaco;;;;;;;;;
1995.06.11;Kanada;;;;;;;;;
1995.07.02;Franciaország;;;;;;;;;
1995.07.16;Nagy-Britannia;;;;;;;;;
1995.07.30;Németország;;;;;;;;;
1995.08.13;Magyarország;;;;;;;;;
1995.08.27;Belgium;;;;;;;;;
1995.09.10;Olaszország;;;;;;;;;
1995.09.24;Portugália;;;;;;;;;
1995.10.01;Németország;;;;;;;;;
1995.10.22;Japán;;;;;;;;;
1995.10.29;Japán;;;;;;;;;
1995.11.12;Ausztrália;;;;;;;;;
1996.03.10;Ausztrália;;;;;;;;;
1996.03.31;Brazília;;;;;;;;;
1996.04.07;Argentína;;;;;;;;;
1996.04.28;Németország;;;;;;;;;
1996.05.05;San Marino;;;;;;;;;
1996.05.19;Monaco;;;;;;;;;
1996.06.02;Spanyolország;;;;;;;;;
1996.06.16;Kanada;;;;;;;;;
1996.06.30;Franciaország;;;;;;;;;
1996.07.14;Nagy-Britannia;;;;;;;;;
1996.07.28;Németország;;;;;;;;;
1996.08.11;Magyarország;;;;;;;;;
1996.08.25;Belgium;;;;;;;;;
1996.09.08;Olaszország;;;;;;;;;
1996.09.22;Portugália;;;;;;;;;
1996.10.13;Japán;;;;;;;;;
1997.03.09;Ausztrália;;;;;;;;;
1997.03.30;Brazília;;;;;;;;;
1997.04.13;Argentína;;;;;;;;;
1997.04.27;San Marino;;;;;;;;;
1997.05.11;Monaco;;;;;;;;;
1997.05.25;Spanyolország;;;;;;;;;
1997.06.15;Kanada;;;;;;;;;
1997.06.29;Franciaország;;;;;;;;;
1997.07.13;Nagy-Britannia;;;;;;;;;
1997.07.27;Németország;;;;;;;;;
1997.08.10;Magyarország;;;;;;;;;
1997.08.24;Belgium;;;;;;;;;
1997.09.07;Olaszország;;;;;;;;;
1997.09.21;Ausztria;;;;;;;;;
1997.09.28;Németország;;;;;;;;;
1997.10.12;Japán;;;;;;;;;
1997.10.26;Spanyolország;;;;;;;;;
1998.03.08;Ausztrália;;;;;;;;;
1998.03.29;Brazília;;;;;;;;;
1998.04.12;Argentína;;;;;;;;;
1998.04.26;San Marino;;;;;;;;;
1998.05.10;Spanyolország;;;;;;;;;
1998.05.24;Monaco;;;;;;;;;
1998.06.07;Kanada;;;;;;;;;
1998.06.28;Franciaország;;;;;;;;;
1998.07.12;Nagy-Britannia;;;;;;;;;
1998.07.26;Ausztria;;;;;;;;;
1998.08.02;Németország;;;;;;;;;
1998.08.16;Magyarország;;;;;;;;;
1998.08.30;Belgium;;;;;;;;;
1998.09.13;Olaszország;;;;;;;;;
1998.09.27;Németország;;;;;;;;;
1998.11.01;Japán;;;;;;;;;
1999.03.07;Ausztrália;;;;;;;;;
1999.04.11;Brazília;;;;;;;;;
1999.05.02;San Marino;;;;;;;;;
1999.05.16;Monaco;;;;;;;;;
1999.05.30;Spanyolország;;;;;;;;;
1999.06.13;Kanada;;;;;;;;;
1999.06.27;Franciaország;;;;;;;;;
1999.07.11;Nagy-Britannia;;;;;;;;;
1999.07.25;Ausztria;;;;;;;;;
1999.08.01;Németország;;;;;;;;;
1999.08.15;Magyarország;;;;;;;;;
1999.08.29;Belgium;;;;;;;;;
1999.09.12;Olaszország;;;;;;;;;
1999.09.26;Németország;;;;;;;;;
1999.10.17;Malaysia;;;;;;;;;
1999.10.31;Japán;;;;;;;;;
1955.05.30;USA;Eddie Russo;F;1925.11.19;amerikai;;gyújtás;Pawl;Pawl;Offenhauser
1960.05.30;USA;Eddie Russo;F;1925.11.19;amerikai;;karambol;Kurtis Kraft;Kurtis;Offenhauser
1957.05.30;USA;Eddie Russo;F;1925.11.19;amerikai;;karambol;Kurtis Kraft;Kurtis;Offenhauser
1956.05.30;USA;Eddie Russo;F;1925.11.19;amerikai;;kiesett;Kurtis Kraft;Kurtis;Offenhauser
;;Derek Warwick;F;1954.8.27;brit;;;;;
;;Jo Siffert;F;1936.7.7;svájci;;;;;
;;Fabrizio Barbazza;F;1963.4.2;olasz;;;;;
;;Damon Hill;F;1960.9.17;brit;;;;;
;;Mike Harris;F;1939.5.25;zimbabwei;;;;;
;;Hans Heyer;F;1943.3.16;német;;;;;
;;Peter Revson;F;1939.2.27;amerikai;;;;;
;;Huub Rothengatter;F;1954.10.8;holland;;;;;
2000.03.12;Ausztrália;;;;;;;;;
2000.03.26;Brazília;;;;;;;;;
2000.04.09;San Marino;;;;;;;;;
2000.04.23;Nagy-Britannia;;;;;;;;;
2000.05.07;Spanyolország;;;;;;;;;
2000.05.21;Németország;;;;;;;;;
2000.06.04;Monaco;;;;;;;;;
2000.06.18;Kanada;;;;;;;;;
2000.07.02;Franciaország;;;;;;;;;
2000.07.16;Ausztria;;;;;;;;;
2000.07.30;Németország;;;;;;;;;
2000.08.13;Magyarország;;;;;;;;;
2000.08.27;Belgium;;;;;;;;;
2000.09.10;Olaszország;;;;;;;;;
2000.09.24;USA;;;;;;;;;
2000.10.08;Japán;;;;;;;;;
2000.10.22;Malaysia;;;;;;;;;
2001.03.04;Ausztrália;;;;;;;;;
2001.03.18;Malaysia;;;;;;;;;
2001.04.01;Brazília;;;;;;;;;
2001.04.15;San Marino;;;;;;;;;
2001.04.29;Spanyolország;;;;;;;;;
2001.05.13;Ausztria;;;;;;;;;
2001.05.27;Monaco;;;;;;;;;
2001.06.10;Kanada;;;;;;;;;
2001.06.24;Németország;;;;;;;;;
2001.07.01;Franciaország;;;;;;;;;
2001.07.15;Nagy-Britannia;;;;;;;;;
2001.07.29;Németország;;;;;;;;;
2001.08.19;Magyarország;;;;;;;;;
2001.09.02;Belgium;;;;;;;;;
2001.09.16;Olaszország;;;;;;;;;
2001.09.30;USA;;;;;;;;;
2001.10.14;Japán;;;;;;;;;
2002.03.03;Ausztrália;;;;;;;;;
2002.03.17;Malaysia;;;;;;;;;
2002.03.31;Brazília;;;;;;;;;
2002.04.14;San Marino;;;;;;;;;
2002.04.28;Spanyolország;;;;;;;;;
2002.05.12;Ausztria;;;;;;;;;
2002.05.26;Monaco;;;;;;;;;
2002.06.09;Kanada;;;;;;;;;
2002.06.23;Németország;;;;;;;;;
2002.07.07;Nagy-Britannia;;;;;;;;;
2002.07.21;Franciaország;;;;;;;;;
2002.07.28;Németország;;;;;;;;;
2002.08.18;Magyarország;;;;;;;;;
2002.09.01;Belgium;;;;;;;;;
2002.09.15;Olaszország;;;;;;;;;
2002.09.29;USA;;;;;;;;;
2002.10.13;Japán;;;;;;;;;
2003.03.09;Ausztrália;;;;;;;;;
2003.03.23;Malaysia;;;;;;;;;
2003.04.06;Brazília;;;;;;;;;
2003.04.20;San Marino;;;;;;;;;
2003.05.04;Spanyolország;;;;;;;;;
2003.05.18;Ausztria;;;;;;;;;
2003.06.01;Monaco;;;;;;;;;
2003.06.15;Kanada;;;;;;;;;
2003.06.29;Németország;;;;;;;;;
2003.07.06;Franciaország;;;;;;;;;
2003.07.20;Nagy-Britannia;;;;;;;;;
2003.08.03;Németország;;;;;;;;;
2003.08.24;Magyarország;;;;;;;;;
2003.09.14;Olaszország;;;;;;;;;
2003.09.28;USA;;;;;;;;;
2003.10.12;Japán;;;;;;;;;
2004.03.07;Ausztrália;;;;;;;;;
2004.03.21;Malaysia;;;;;;;;;
2004.04.04;Bahrain;;;;;;;;;
2004.04.25;San Marino;;;;;;;;;
2004.05.09;Spanyolország;;;;;;;;;
2004.05.23;Monaco;;;;;;;;;
2004.05.30;Németország;;;;;;;;;
2004.06.13;Kanada;;;;;;;;;
2004.06.20;USA;;;;;;;;;
2004.07.04;Franciaország;;;;;;;;;
2004.07.11;Nagy-Britannia;;;;;;;;;
2004.07.25;Németország;;;;;;;;;
2004.08.15;Magyarország;;;;;;;;;
2004.08.29;Belgium;;;;;;;;;
2004.09.12;Olaszország;;;;;;;;;
2004.09.26;Kína;;;;;;;;;
2004.10.10;Japán;;;;;;;;;
2004.10.24;Brazília;;;;;;;;;
2005.03.06;Ausztrália;;;;;;;;;
2005.03.20;Malaysia;;;;;;;;;
2005.04.03;Bahrain;;;;;;;;;
2005.04.24;San Marino;;;;;;;;;
2005.05.08;Spanyolország;;;;;;;;;
2005.05.22;Monaco;;;;;;;;;
2005.05.29;Németország;;;;;;;;;
2005.06.12;Kanada;;;;;;;;;
2005.06.19;USA;;;;;;;;;
2005.07.03;Franciaország;;;;;;;;;
2005.07.10;Nagy-Britannia;;;;;;;;;
2005.07.24;Németország;;;;;;;;;
2005.07.31;Magyarország;;;;;;;;;
2005.08.21;Törökország;;;;;;;;;
2005.09.04;Olaszország;;;;;;;;;
2005.09.11;Belgium;;;;;;;;;
2005.09.25;Brazília;;;;;;;;;
2005.10.09;Japán;;;;;;;;;
2005.10.16;Kína;;;;;;;;;
2006.03.12;Bahrain;;;;;;;;;
2006.03.19;Malaysia;;;;;;;;;
2006.04.02;Ausztrália;;;;;;;;;
2006.04.23;San Marino;;;;;;;;;
2006.05.07;Németország;;;;;;;;;
2006.05.14;Spanyolország;;;;;;;;;
2006.05.28;Monaco;;;;;;;;;
2006.06.11;Nagy-Britannia;;;;;;;;;
2006.06.25;Kanada;;;;;;;;;
2006.07.02;USA;;;;;;;;;
2006.07.16;Franciaország;;;;;;;;;
2006.07.30;Németország;;;;;;;;;
2006.08.06;Magyarország;;;;;;;;;
2006.08.27;Törökország;;;;;;;;;
2006.09.10;Olaszország;;;;;;;;;
2006.10.01;Kína;;;;;;;;;
2006.10.08;Japán;;;;;;;;;
2006.10.22;Brazília;;;;;;;;;
1960.07.03;Franciaország;Innes Ireland;F;1930.12.16;brit;7;;Team Lotus;Lotus;Climax
1960.07.16;Nagy-Britannia;Innes Ireland;F;1930.12.16;brit;3;;Team Lotus;Lotus;Climax
1959.07.18;Nagy-Britannia;Innes Ireland;F;1930.12.16;brit;;rosszullét;Team Lotus;Lotus;Climax
1960.06.19;Belgium;Innes Ireland;F;1930.12.16;brit;;karambol;Team Lotus;Lotus;Climax
1959.09.13;Olaszország;Innes Ireland;F;1930.12.16;brit;;törés;Team Lotus;Lotus;Climax
1960.06.06;Hollandia;Innes Ireland;F;1930.12.16;brit;2;;Team Lotus;Lotus;Climax
1960.08.14;Portugália;Innes Ireland;F;1930.12.16;brit;6;;Team Lotus;Lotus;Climax
1959.08.23;Portugália;Innes Ireland;F;1930.12.16;brit;;sebességváltó;Team Lotus;Lotus;Climax
1959.08.02;Németország;Innes Ireland;F;1930.12.16;brit;;sebességváltó;Team Lotus;Lotus;Climax
1959.12.12;USA;Innes Ireland;F;1930.12.16;brit;5;;Team Lotus;Lotus;Climax
1960.11.20;USA;Innes Ireland;F;1930.12.16;brit;2;;Team Lotus;Lotus;Climax
1959.07.05;Franciaország;Innes Ireland;F;1930.12.16;brit;;kerék;Team Lotus;Lotus;Climax
1960.05.29;Monaco;Innes Ireland;F;1930.12.16;brit;9;;Team Lotus;Lotus;Climax
1959.05.31;Hollandia;Innes Ireland;F;1930.12.16;brit;4;;Team Lotus;Lotus;Climax
1960.02.07;Argentína;Innes Ireland;F;1930.12.16;brit;6;;Team Lotus;Lotus;Climax
1950.05.30;USA;Bill Holland;F;1907.12.13;amerikai;2;;Lou Moore;Deidt;Offenhauser
1953.05.30;USA;Bill Holland;F;1907.12.13;amerikai;15;;Ray Crawford;Kurtis;Offenhauser
;;Franck Lagorce;F;1968.9.1;francia;;;;;
;;Pedro Rodriguez;F;1940.1.18;mexikói;;;;;
;;Jonathan Williams;F;1942.10.26;brit;;;;;
1953.01.18;Argentína;John Barber;F;1929.1.1;brit;8;;Cooper Car Company;Cooper;Bristol
;;Dave Charlton;F;1936.10.27;dél-afrikai;;;;;
1951.05.30;USA;Joe James;F;1925.5.23;amerikai;;futómû;Bob Estes;Watson;Offenhauser
1952.05.30;USA;Joe James;F;1925.5.23;amerikai;13;;Ed Walsh;Kurtis;Offenhauser
;;Alex Soler-Roig;F;1932.10.29;spanyol;;;;;
1960.02.07;Argentína;Alberto-Rodriguez Larreta;F;1934.1.14;argentín;9;;Team Lotus;Lotus;Climax
1950.05.21;Monaco;Luigi Fagioli;F;1898.6.9;olasz;;karambol;Alfa Romeo SpA;Alfa;Alfa
1950.07.02;Franciaország;Luigi Fagioli;F;1898.6.9;olasz;2;;Alfa Romeo SpA;Alfa;Alfa
1950.05.13;Nagy-Britannia;Luigi Fagioli;F;1898.6.9;olasz;2;;Alfa Romeo SpA;Alfa;Alfa
1950.09.03;Olaszország;Luigi Fagioli;F;1898.6.9;olasz;3;;Alfa Romeo SpA;Alfa;Alfa
1950.06.18;Belgium;Luigi Fagioli;F;1898.6.9;olasz;2;;Alfa Romeo SpA;Alfa;Alfa
1950.06.04;Svájc;Luigi Fagioli;F;1898.6.9;olasz;2;;Alfa Romeo SpA;Alfa;Alfa
1951.07.01;Franciaország;Luigi Fagioli;F;1898.6.9;olasz;1;;Alfa Romeo SpA;Alfa;Alfa
1951.07.01;Franciaország;Luigi Fagioli;F;1898.6.9;olasz;11;;Alfa Romeo SpA;Alfa;Alfa
1960.09.04;Olaszország;Fred Gamble;F;1932.3.17;amerikai;10;;Camoradi International;Behra-Porsche;Porsche
1951.05.30;USA;Bill Vukovich;F;1918.12.13;amerikai;;olajfolyás;Pete Salemi;Trevis;Offenhauser
1952.05.30;USA;Bill Vukovich;F;1918.12.13;amerikai;17;;Howard Keck;Kurtis;Offenhauser
1953.05.30;USA;Bill Vukovich;F;1918.12.13;amerikai;1;;Howard Keck;Kurtis;Offenhauser
1955.05.30;USA;Bill Vukovich;F;1918.12.13;amerikai;;karambol;Kurtis Kraft;Kurtis;Offenhauser
1954.05.31;USA;Bill Vukovich;F;1918.12.13;amerikai;1;;Kurtis Kraft;Kurtis;Offenhauser
1952.08.03;Németország;Bill Aston;F;1900.3.29;brit;;olajnyomás;WS Aston;Aston;Butterworth
1952.09.07;Olaszország;Bill Aston;F;1900.3.29;brit;;kizárták;WS Aston;Aston;Butterworth
1952.07.19;Nagy-Britannia;Bill Aston;F;1900.3.29;brit;;nem rajtolt el;WS Aston;Aston;Butterworth
1953.05.30;USA;Gene Hartley;F;1926.1.28;amerikai;9;;JC Agajanian;Kurtis;Offenhauser
1960.05.30;USA;Gene Hartley;F;1926.1.28;amerikai;14;;Kurtis Kraft;Kurtis;Offenhauser
1953.05.30;USA;Gene Hartley;F;1926.1.28;amerikai;;karambol;Federal Auto Associates;Kurtis;Offenhauser
1959.05.30;USA;Gene Hartley;F;1926.1.28;amerikai;11;;Kuzma;Kuzma;Offenhauser
1957.05.30;USA;Gene Hartley;F;1926.1.28;amerikai;10;;Lesovsky;Lesovsky;Offenhauser
1956.05.30;USA;Gene Hartley;F;1926.1.28;amerikai;11;;Kuzma;Kuzma;Offenhauser
1950.05.30;USA;Gene Hartley;F;1926.1.28;amerikai;16;;Joe Langley;Langley;Offenhauser
1954.05.31;USA;Gene Hartley;F;1926.1.28;amerikai;;kiesett;Kurtis Kraft;Kurtis;Offenhauser
1952.05.30;USA;Gene Hartley;F;1926.1.28;amerikai;;kipufogócsõ;Mel Wiggers;Kurtis;Offenhauser
;;Taki Inoue;F;1963.9.5;japán;;;;;
;;Mark Donohue;F;1937.3.18;amerikai;;;;;
1958.05.18;Monaco;Giorgio Scarlatti;F;1921.10.2;olasz;;motor;;Maserati;Maserati
1960.09.04;Olaszország;Giorgio Scarlatti;F;1921.10.2;olasz;;gázadagoló;Scuderia Castellotti;Cooper;Maserati
1959.09.13;Olaszország;Giorgio Scarlatti;F;1921.10.2;olasz;12;;Cooper Car Company;Cooper;Climax
1957.09.08;Olaszország;Giorgio Scarlatti;F;1921.10.2;olasz;5;;Officine Alfieri Maserati;Maserati;Maserati
1957.08.18;Olaszország;Giorgio Scarlatti;F;1921.10.2;olasz;6;;Officine Alfieri Maserati;Maserati;Maserati
1956.05.13;Monaco;Giorgio Scarlatti;F;1921.10.2;olasz;;kizárták;Scuderia Centro Sud;Ferrari;Ferrari
1958.05.26;Hollandia;Giorgio Scarlatti;F;1921.10.2;olasz;;sebességváltó;;Maserati;Maserati
1957.05.19;Monaco;Giorgio Scarlatti;F;1921.10.2;olasz;;kiesett;Officine Alfieri Maserati;Maserati;Maserati
1960.02.07;Argentína;Giorgio Scarlatti;F;1921.10.2;olasz;;túlhajtás;;Maserati;Maserati
1959.05.10;Monaco;Giorgio Scarlatti;F;1921.10.2;olasz;;kizárták;Scuderia Ugolini;Maserati;Maserati
1957.08.04;Németország;Giorgio Scarlatti;F;1921.10.2;olasz;10;;Officine Alfieri Maserati;Maserati;Maserati
1956.08.05;Németország;Giorgio Scarlatti;F;1921.10.2;olasz;;motor;Scuderia Centro Sud;Ferrari;Ferrari
1960.05.29;Monaco;Giorgio Scarlatti;F;1921.10.2;olasz;;kizárták;Scuderia Castellotti;Cooper;Castellotti
1959.07.05;Franciaország;Giorgio Scarlatti;F;1921.10.2;olasz;8;;Scuderia Ugolini;Maserati;Maserati
;;William Ferguson;F;1940.3.6;dél-afrikai;;;;;
1953.08.02;Németország;Theo Fitzau;F;1923.2.10;német;;kiesett;;AFM;BMW
;;Rubens Barrichello;F;1972.5.23;brazil;;;;;
1950.05.13;Nagy-Britannia;Leslie Johnson;F;1912.3.22;brit;;kompresszor;TASO Mathieson;ERA;ERA
1955.09.11;Olaszország;John Fitch;F;1917.8.4;amerikai;9;;Stirling Moss Ltd;Maserati;Maserati
1953.09.13;Olaszország;John Fitch;F;1917.8.4;amerikai;;motor;HW Motors;HWM;Alta
1951.07.14;Nagy-Britannia;Alberto Ascari;F;1918.7.13;olasz;;sebességváltó;Scuderia Ferrari;Ferrari;Ferrari
1953.08.02;Németország;Alberto Ascari;F;1918.7.13;olasz;8;;Scuderia Ferrari;Ferrari;Ferrari
1951.10.28;Spanyolország;Alberto Ascari;F;1918.7.13;olasz;4;;Scuderia Ferrari;Ferrari;Ferrari
1953.07.05;Franciaország;Alberto Ascari;F;1918.7.13;olasz;4;;Scuderia Ferrari;Ferrari;Ferrari
1953.09.13;Olaszország;Alberto Ascari;F;1918.7.13;olasz;;karambol;Scuderia Ferrari;Ferrari;Ferrari
1950.06.18;Belgium;Alberto Ascari;F;1918.7.13;olasz;5;;Scuderia Ferrari;Ferrari;Ferrari
1952.07.19;Nagy-Britannia;Alberto Ascari;F;1918.7.13;olasz;1;;Scuderia Ferrari;Ferrari;Ferrari
1951.07.01;Franciaország;Alberto Ascari;F;1918.7.13;olasz;;sebességváltó;Scuderia Ferrari;Ferrari;Ferrari
1953.06.07;Hollandia;Alberto Ascari;F;1918.7.13;olasz;1;;Scuderia Ferrari;Ferrari;Ferrari
1951.05.27;Svájc;Alberto Ascari;F;1918.7.13;olasz;6;;Scuderia Ferrari;Ferrari;Ferrari
1954.10.24;Spanyolország;Alberto Ascari;F;1918.7.13;olasz;;kuplung;Scuderia Lancia;Lancia;Lancia
1950.05.21;Monaco;Alberto Ascari;F;1918.7.13;olasz;2;;Scuderia Ferrari;Ferrari;Ferrari
1953.08.02;Németország;Alberto Ascari;F;1918.7.13;olasz;;kiesett;Scuderia Ferrari;Ferrari;Ferrari
1955.01.16;Argentína;Alberto Ascari;F;1918.7.13;olasz;;karambol;Scuderia Lancia;Lancia;Lancia
1953.06.21;Belgium;Alberto Ascari;F;1918.7.13;olasz;1;;Scuderia Ferrari;Ferrari;Ferrari
1953.07.18;Nagy-Britannia;Alberto Ascari;F;1918.7.13;olasz;1;;Scuderia Ferrari;Ferrari;Ferrari
1951.07.01;Franciaország;Alberto Ascari;F;1918.7.13;olasz;2;;Scuderia Ferrari;Ferrari;Ferrari
1952.07.06;Franciaország;Alberto Ascari;F;1918.7.13;olasz;1;;Scuderia Ferrari;Ferrari;Ferrari
1953.08.23;Svájc;Alberto Ascari;F;1918.7.13;olasz;1;;Scuderia Ferrari;Ferrari;Ferrari
1951.09.16;Olaszország;Alberto Ascari;F;1918.7.13;olasz;1;;Scuderia Ferrari;Ferrari;Ferrari
1954.07.17;Nagy-Britannia;Alberto Ascari;F;1918.7.13;olasz;;kiesett;Officine Alfieri Maserati;Maserati;Maserati
1954.07.04;Franciaország;Alberto Ascari;F;1918.7.13;olasz;;motor;Officine Alfieri Maserati;Maserati;Maserati
1954.07.17;Nagy-Britannia;Alberto Ascari;F;1918.7.13;olasz;;motor;Officine Alfieri Maserati;Maserati;Maserati
1950.09.03;Olaszország;Alberto Ascari;F;1918.7.13;olasz;;motor;Scuderia Ferrari;Ferrari;Ferrari
1952.05.30;USA;Alberto Ascari;F;1918.7.13;olasz;;kerék;Enzo Ferrari;Ferrari;Ferrari
1952.09.07;Olaszország;Alberto Ascari;F;1918.7.13;olasz;1;;Scuderia Ferrari;Ferrari;Ferrari
1952.08.17;Hollandia;Alberto Ascari;F;1918.7.13;olasz;1;;Scuderia Ferrari;Ferrari;Ferrari
1950.06.04;Svájc;Alberto Ascari;F;1918.7.13;olasz;;olajteknõ;Scuderia Ferrari;Ferrari;Ferrari
1952.08.03;Németország;Alberto Ascari;F;1918.7.13;olasz;1;;Scuderia Ferrari;Ferrari;Ferrari
1950.09.03;Olaszország;Alberto Ascari;F;1918.7.13;olasz;2;;Scuderia Ferrari;Ferrari;Ferrari
1954.09.05;Olaszország;Alberto Ascari;F;1918.7.13;olasz;;motor;Scuderia Ferrari;Ferrari;Ferrari
1953.01.18;Argentína;Alberto Ascari;F;1918.7.13;olasz;1;;Scuderia Ferrari;Ferrari;Ferrari
1951.06.17;Belgium;Alberto Ascari;F;1918.7.13;olasz;2;;Scuderia Ferrari;Ferrari;Ferrari
1952.06.22;Belgium;Alberto Ascari;F;1918.7.13;olasz;1;;Scuderia Ferrari;Ferrari;Ferrari
1955.05.22;Monaco;Alberto Ascari;F;1918.7.13;olasz;;karambol;Scuderia Lancia;Lancia;Lancia
1951.07.29;Németország;Alberto Ascari;F;1918.7.13;olasz;1;;Scuderia Ferrari;Ferrari;Ferrari
1958.05.30;USA;Dempsey Wilson;F;1927.3.11;amerikai;;tûz;Kuzma;Kuzma;Offenhauser
1960.05.30;USA;Dempsey Wilson;F;1927.3.11;amerikai;;gyújtás;Kurtis Kraft;Kurtis;Offenhauser
1952.08.03;Németország;Ludwig Fischer;F;1915.12.17;német;;nem rajtolt el;;AFM;BMW
1956.01.22;Argentína;Oscar Gonzalez;F;1923.11.10;uruguayi;6;;Alberto Uria;Maserati;Maserati
1955.07.16;Nagy-Britannia;Peter Walker;F;1912.10.7;brit;;kiesett;Rob Walker Racing Team;Connaught;Alta
1955.06.19;Hollandia;Peter Walker;F;1912.10.7;brit;;kerék;Stirling Moss Ltd;Maserati;Maserati
1951.07.14;Nagy-Britannia;Peter Walker;F;1912.10.7;brit;7;;British Racing Motors Ltd;BRM;BRM
1950.05.13;Nagy-Britannia;Peter Walker;F;1912.10.7;brit;;kiesett;;ERA;ERA
;;Alexander Wurz;F;1974.2.15;osztrák;;;;;
;;Slim Borgudd;F;1946.11.25;svéd;;;;;
1955.09.11;Olaszország;Jean Lucas;F;1917.4.25;francia;;motor;Equipe Gordini;Gordini;Gordini
;;Karl Wendlinger;F;1968.12.20;osztrák;;;;;
;;Mikko Kozarowitsky;F;1948.5.17;finn;;;;;
;;Larry Perkins;F;1950.3.18;ausztrál;;;;;
1956.01.22;Argentína;Chico Landi;F;1907.7.14;brazil;4;;Officine Alfieri Maserati;Maserati;Maserati
1951.09.16;Olaszország;Chico Landi;F;1907.7.14;brazil;;futómû;;Ferrari;Ferrari
1952.08.17;Hollandia;Chico Landi;F;1907.7.14;brazil;9;;Escuderia Bandeirantes;Maserati;Maserati
1953.09.13;Olaszország;Chico Landi;F;1907.7.14;brazil;;motor;Scuderia Milano;Maserati;Maserati
1952.09.07;Olaszország;Chico Landi;F;1907.7.14;brazil;8;;Escuderia Bandeirantes;Maserati;Maserati
1953.08.23;Svájc;Chico Landi;F;1907.7.14;brazil;;sebességváltó;Escuderia Bandeirantes;Maserati;Maserati
1958.05.26;Hollandia;Tony Brooks;F;1932.2.25;brit;;motor;Vandervell Products Ltd;Vanwall;Vanwall
1960.07.16;Nagy-Britannia;Tony Brooks;F;1932.2.25;brit;5;;Yeoman Credit Racing Team;Cooper;Climax
1958.06.15;Belgium;Tony Brooks;F;1932.2.25;brit;1;;Vandervell Products Ltd;Vanwall;Vanwall
1957.08.18;Olaszország;Tony Brooks;F;1932.2.25;brit;;motor;Vandervell Products Ltd;Vanwall;Vanwall
1959.08.02;Németország;Tony Brooks;F;1932.2.25;brit;1;;Scuderia Ferrari;Ferrari;Ferrari
1960.06.06;Hollandia;Tony Brooks;F;1932.2.25;brit;;sebességváltó;Yeoman Credit Racing Team;Cooper;Climax
1956.07.14;Nagy-Britannia;Tony Brooks;F;1932.2.25;brit;;karambol;Owen Racing Organisation;BRM;BRM
1957.09.08;Olaszország;Tony Brooks;F;1932.2.25;brit;7;;Vandervell Products Ltd;Vanwall;Vanwall
1958.05.18;Monaco;Tony Brooks;F;1932.2.25;brit;;motor;Vandervell Products Ltd;Vanwall;Vanwall
1959.05.10;Monaco;Tony Brooks;F;1932.2.25;brit;2;;Scuderia Ferrari;Ferrari;Ferrari
1960.11.20;USA;Tony Brooks;F;1932.2.25;brit;;kicsúszás;Yeoman Credit Racing Team;Cooper;Climax
1960.08.14;Portugália;Tony Brooks;F;1932.2.25;brit;5;;Yeoman Credit Racing Team;Cooper;Climax
1956.05.13;Monaco;Tony Brooks;F;1932.2.25;brit;;motor;Owen Racing Organisation;BRM;BRM
1959.07.18;Nagy-Britannia;Tony Brooks;F;1932.2.25;brit;;motor;Vandervell Products Ltd;Vanwall;Vanwall
1958.07.19;Nagy-Britannia;Tony Brooks;F;1932.2.25;brit;7;;Vandervell Products Ltd;Vanwall;Vanwall
1958.10.19;Marokkó;Tony Brooks;F;1932.2.25;brit;;motor;Vandervell Products Ltd;Vanwall;Vanwall
1960.07.03;Franciaország;Tony Brooks;F;1932.2.25;brit;;nem azonosított;Vandervell Products Ltd;Vanwall;Vanwall
1959.08.23;Portugália;Tony Brooks;F;1932.2.25;brit;9;;Scuderia Ferrari;Ferrari;Ferrari
1959.12.12;USA;Tony Brooks;F;1932.2.25;brit;3;;Scuderia Ferrari;Ferrari;Ferrari
1959.07.05;Franciaország;Tony Brooks;F;1932.2.25;brit;1;;Scuderia Ferrari;Ferrari;Ferrari
1958.08.03;Németország;Tony Brooks;F;1932.2.25;brit;1;;Vandervell Products Ltd;Vanwall;Vanwall
1958.08.24;Portugália;Tony Brooks;F;1932.2.25;brit;;karambol;Vandervell Products Ltd;Vanwall;Vanwall
1957.07.20;Nagy-Britannia;Tony Brooks;F;1932.2.25;brit;1;;Vandervell Products Ltd;Vanwall;Vanwall
1959.05.31;Hollandia;Tony Brooks;F;1932.2.25;brit;;olajfolyás;Scuderia Ferrari;Ferrari;Ferrari
1958.09.07;Olaszország;Tony Brooks;F;1932.2.25;brit;1;;Vandervell Products Ltd;Vanwall;Vanwall
1957.05.19;Monaco;Tony Brooks;F;1932.2.25;brit;2;;Vandervell Products Ltd;Vanwall;Vanwall
1958.07.06;Franciaország;Tony Brooks;F;1932.2.25;brit;;kiesett;Vandervell Products Ltd;Vanwall;Vanwall
1957.07.20;Nagy-Britannia;Tony Brooks;F;1932.2.25;brit;;kiesett;Vandervell Products Ltd;Vanwall;Vanwall
1960.05.29;Monaco;Tony Brooks;F;1932.2.25;brit;4;;Yeoman Credit Racing Team;Cooper;Climax
1958.07.06;Franciaország;Tony Brooks;F;1932.2.25;brit;;sebességváltó;Vandervell Products Ltd;Vanwall;Vanwall
1957.08.04;Németország;Tony Brooks;F;1932.2.25;brit;9;;Vandervell Products Ltd;Vanwall;Vanwall
1960.06.19;Belgium;Tony Brooks;F;1932.2.25;brit;;sebességváltó;Yeoman Credit Racing Team;Cooper;Climax
1959.09.13;Olaszország;Tony Brooks;F;1932.2.25;brit;;dugattyú;Scuderia Ferrari;Ferrari;Ferrari
1959.05.30;USA;Bobby Grim;F;1924.9.4;amerikai;;gyújtás;Leader Cards Inc;Kurtis;Offenhauser
1960.05.30;USA;Bobby Grim;F;1924.9.4;amerikai;16;;Meskowski;Meskowski;Offenhauser
1956.05.30;USA;Tony Bettenhausen;F;1916.9.12;amerikai;;karambol;Kurtis Kraft;Kurtis;Offenhauser
1957.05.30;USA;Tony Bettenhausen;F;1916.9.12;amerikai;15;;Kurtis Kraft;Kurtis;Novi
1953.05.30;USA;Tony Bettenhausen;F;1916.9.12;amerikai;9;;JC Agajanian;Kurtis;Offenhauser
1959.05.30;USA;Tony Bettenhausen;F;1916.9.12;amerikai;4;;Epperly;Epperly;Offenhauser
1951.05.30;USA;Tony Bettenhausen;F;1916.9.12;amerikai;;kicsúszás;Rotary Engineering;Deidt;Offenhauser
1952.05.30;USA;Tony Bettenhausen;F;1916.9.12;amerikai;;olajnyomás;Earl Slick;Deidt;Offenhauser
1950.05.30;USA;Tony Bettenhausen;F;1916.9.12;amerikai;;kerék;Lou Moore;Deidt;Offenhauser
1950.05.30;USA;Tony Bettenhausen;F;1916.9.12;amerikai;5;;Ervin Wolfe;Deidt;Offenhauser
1955.05.30;USA;Tony Bettenhausen;F;1916.9.12;amerikai;2;;Kurtis Kraft;Kurtis;Offenhauser
1960.05.30;USA;Tony Bettenhausen;F;1916.9.12;amerikai;;motor;Watson;Watson;Offenhauser
1954.05.31;USA;Tony Bettenhausen;F;1916.9.12;amerikai;15;;Kurtis Kraft;Kurtis;Offenhauser
1954.05.31;USA;Tony Bettenhausen;F;1916.9.12;amerikai;;kerék;Kurtis Kraft;Kurtis;Offenhauser
1958.05.30;USA;Tony Bettenhausen;F;1916.9.12;amerikai;4;;Epperly;Epperly;Offenhauser
;;Philippe Adams;F;1969.11.19;belga;;;;;
1958.05.18;Monaco;Bruce Kessler;F;1936.3.23;amerikai;;kizárták;BC Ecclestone;Connaught;Alta
1951.10.28;Spanyolország;Georges Grignard;F;1905.7.25;francia;;motor;;Talbot-Lago;Talbot
1950.06.04;Svájc;Nello Pagani;F;1911.10.11;olasz;7;;Scuderia Achille Varzi;Maserati;Maserati
1951.07.14;Nagy-Britannia;John James;F;1914.5.10;brit;;hûtés;;Maserati;Maserati
;;Tomas Enge;F;1976.9.11;cseh;;;;;
1959.07.18;Nagy-Britannia;Tim Parnell;F;1932.6.25;brit;;kizárták;Reg Parnell Racing;Cooper;Climax
;;Giorgio Bassi;F;1934.1.20;olasz;;;;;
1951.05.30;USA;Duke Dinsmore;F;1914.4.10;amerikai;;túlhajtás;Brown Motors;Schroeder;Offenhauser
1956.05.30;USA;Duke Dinsmore;F;1914.4.10;amerikai;17;;Kurtis Kraft;Kurtis;Offenhauser
1950.05.30;USA;Duke Dinsmore;F;1914.4.10;amerikai;;olajfolyás;Verlin Brown;Kurtis;Offenhauser
1953.05.30;USA;Duke Dinsmore;F;1914.4.10;amerikai;16;;MA Walker;Kurtis;Offenhauser
;;Oscar Larrauri;F;1954.8.19;francia;;;;;
;;David Purley;F;1945.1.26;brit;;;;;
;;Jochen Rindt;F;1942.4.18;osztrák;;;;;
;;Gijs van Lennep;F;1942.3.16;holland;;;;;
;;Geoff Lees;F;1951.5.1;brit;;;;;
1953.01.18;Argentína;Oscar Galvez;F;1913.8.17;argentín;5;;Officine Alfieri Maserati;Maserati;Maserati
;;Neel Jani;F;1983.12.8;svájci;;;;;
;;Fernando Alonso;F;1981.7.29;spanyol;;;;;
;;Michael Schumacher;F;1969.1.3;német;;;;;
;;Bernard Collomb;F;1930.10.7;francia;;;;;
;;Giorgio Francia;F;1947.9.8;olasz;;;;;
;;Helmut Marko;F;1943.4.27;osztrák;;;;;
;;Jackie Lewis;F;1936.11.1;brit;;;;;
;;Bernard de Dryver;F;1953.9.19;belga;;;;;
;;Olivier Grouillard;F;1958.9.2;francia;;;;;
1954.05.31;USA;Jerry Hoyt;F;1929.1.29;amerikai;8;;Kurtis Kraft;Kurtis;Offenhauser
1953.05.30;USA;Jerry Hoyt;F;1929.1.29;amerikai;;kiesett;John Zink;Kurtis;Offenhauser
1954.05.31;USA;Jerry Hoyt;F;1929.1.29;amerikai;;motor;Kurtis Kraft;Kurtis;Offenhauser
1950.05.30;USA;Jerry Hoyt;F;1929.1.29;amerikai;21;;Ludson Morris;Kurtis;Offenhauser
1955.05.30;USA;Jerry Hoyt;F;1929.1.29;amerikai;;olajfolyás;Stevens;Stevens;Offenhauser
;;Bruno Giacomelli;F;1952.9.10;olasz;;;;;
1955.09.11;Olaszország;Stirling Moss;F;1929.9.17;brit;;motor;Daimler Benz AG;Mercedes;Mercedes
1957.07.20;Nagy-Britannia;Stirling Moss;F;1929.9.17;brit;1;;Vandervell Products Ltd;Vanwall;Vanwall
1958.06.15;Belgium;Stirling Moss;F;1929.9.17;brit;;motor;Vandervell Products Ltd;Vanwall;Vanwall
1957.08.04;Németország;Stirling Moss;F;1929.9.17;brit;5;;Vandervell Products Ltd;Vanwall;Vanwall
1955.07.16;Nagy-Britannia;Stirling Moss;F;1929.9.17;brit;1;;Daimler Benz AG;Mercedes;Mercedes
1957.08.18;Olaszország;Stirling Moss;F;1929.9.17;brit;1;;Vandervell Products Ltd;Vanwall;Vanwall
1958.05.26;Hollandia;Stirling Moss;F;1929.9.17;brit;1;;Vandervell Products Ltd;Vanwall;Vanwall
1959.08.02;Németország;Stirling Moss;F;1929.9.17;brit;;futómû;Rob Walker Racing Team;Cooper;Climax
1958.07.06;Franciaország;Stirling Moss;F;1929.9.17;brit;2;;Vandervell Products Ltd;Vanwall;Vanwall
1957.09.08;Olaszország;Stirling Moss;F;1929.9.17;brit;1;;Vandervell Products Ltd;Vanwall;Vanwall
1955.06.05;Belgium;Stirling Moss;F;1929.9.17;brit;2;;Daimler Benz AG;Mercedes;Mercedes
1958.01.19;Argentína;Stirling Moss;F;1929.9.17;brit;1;;Rob Walker Racing Team;Cooper;Climax
1958.09.07;Olaszország;Stirling Moss;F;1929.9.17;brit;;sebességváltó;Vandervell Products Ltd;Vanwall;Vanwall
1958.05.18;Monaco;Stirling Moss;F;1929.9.17;brit;;motor;Vandervell Products Ltd;Vanwall;Vanwall
1959.05.10;Monaco;Stirling Moss;F;1929.9.17;brit;;futómû;Cooper Car Company;Cooper;Climax
1955.06.19;Hollandia;Stirling Moss;F;1929.9.17;brit;2;;Daimler Benz AG;Mercedes;Mercedes
1956.08.05;Németország;Stirling Moss;F;1929.9.17;brit;2;;Officine Alfieri Maserati;Maserati;Maserati
1958.07.19;Nagy-Britannia;Stirling Moss;F;1929.9.17;brit;;motor;Vandervell Products Ltd;Vanwall;Vanwall
1956.06.03;Belgium;Stirling Moss;F;1929.9.17;brit;;kerék;Officine Alfieri Maserati;Maserati;Maserati
1959.07.05;Franciaország;Stirling Moss;F;1929.9.17;brit;;pályaelhagyás;British Racing Partnership;BRM;BRM
1956.06.03;Belgium;Stirling Moss;F;1929.9.17;brit;3;;Officine Alfieri Maserati;Maserati;Maserati
1956.05.13;Monaco;Stirling Moss;F;1929.9.17;brit;1;;Officine Alfieri Maserati;Maserati;Maserati
1956.07.01;Franciaország;Stirling Moss;F;1929.9.17;brit;;sebességváltó;Officine Alfieri Maserati;Maserati;Maserati
1956.07.01;Franciaország;Stirling Moss;F;1929.9.17;brit;5;;Officine Alfieri Maserati;Maserati;Maserati
1958.10.19;Marokkó;Stirling Moss;F;1929.9.17;brit;1;;Vandervell Products Ltd;Vanwall;Vanwall
1956.07.14;Nagy-Britannia;Stirling Moss;F;1929.9.17;brit;;sebességváltó;Officine Alfieri Maserati;Maserati;Maserati
1957.07.20;Nagy-Britannia;Stirling Moss;F;1929.9.17;brit;;kiesett;Vandervell Products Ltd;Vanwall;Vanwall
1957.05.19;Monaco;Stirling Moss;F;1929.9.17;brit;;karambol;Vandervell Products Ltd;Vanwall;Vanwall
1960.11.20;USA;Stirling Moss;F;1929.9.17;brit;1;;Rob Walker Racing Team;Lotus;Climax
1956.01.22;Argentína;Stirling Moss;F;1929.9.17;brit;;motor;Officine Alfieri Maserati;Maserati;Maserati
1956.09.02;Olaszország;Stirling Moss;F;1929.9.17;brit;1;;Officine Alfieri Maserati;Maserati;Maserati
1957.01.13;Argentína;Stirling Moss;F;1929.9.17;brit;8;;Officine Alfieri Maserati;Maserati;Maserati
1959.07.18;Nagy-Britannia;Stirling Moss;F;1929.9.17;brit;2;;British Racing Partnership;BRM;BRM
1958.08.24;Portugália;Stirling Moss;F;1929.9.17;brit;1;;Vandervell Products Ltd;Vanwall;Vanwall
1959.05.31;Hollandia;Stirling Moss;F;1929.9.17;brit;;sebességváltó;Rob Walker Racing Team;Cooper;Climax
1958.08.03;Németország;Stirling Moss;F;1929.9.17;brit;;gyújtás;Vandervell Products Ltd;Vanwall;Vanwall
1960.06.19;Belgium;Stirling Moss;F;1929.9.17;brit;;nem azonosított;Rob Walker Racing Team;Lotus;Climax
1954.10.24;Spanyolország;Stirling Moss;F;1929.9.17;brit;;olajpumpa;Officine Alfieri Maserati;Maserati;Maserati
1953.06.07;Hollandia;Stirling Moss;F;1929.9.17;brit;9;;Connaught Engineering;Connaught;Lea
1954.09.05;Olaszország;Stirling Moss;F;1929.9.17;brit;10;;Officine Alfieri Maserati;Maserati;Maserati
1954.08.22;Svájc;Stirling Moss;F;1929.9.17;brit;;olajpumpa;Officine Alfieri Maserati;Maserati;Maserati
1954.08.01;Németország;Stirling Moss;F;1929.9.17;brit;;motor;Officine Alfieri Maserati;Maserati;Maserati
1960.02.07;Argentína;Stirling Moss;F;1929.9.17;brit;;kiállás;Rob Walker Racing Team;Cooper;Climax
1951.05.27;Svájc;Stirling Moss;F;1929.9.17;brit;8;;HW Motors;HWM;Alta
1955.01.16;Argentína;Stirling Moss;F;1929.9.17;brit;;benzinhiány;Daimler Benz AG;Mercedes;Mercedes
1959.12.12;USA;Stirling Moss;F;1929.9.17;brit;;sebességváltó;Rob Walker Racing Team;Cooper;Climax
1952.05.18;Svájc;Stirling Moss;F;1929.9.17;brit;;visszalépés;HW Motors;HWM;Alta
1954.06.20;Belgium;Stirling Moss;F;1929.9.17;brit;3;;Equipe Moss;Maserati;Maserati
1953.07.05;Franciaország;Stirling Moss;F;1929.9.17;brit;;kuplung;Cooper Car Company;Cooper;Alta
1960.02.07;Argentína;Stirling Moss;F;1929.9.17;brit;3;;Rob Walker Racing Team;Cooper;Climax
1953.08.02;Németország;Stirling Moss;F;1929.9.17;brit;6;;Cooper Car Company;Cooper;Alta
1953.09.13;Olaszország;Stirling Moss;F;1929.9.17;brit;13;;Cooper Car Company;Cooper;Alta
1960.05.29;Monaco;Stirling Moss;F;1929.9.17;brit;1;;Rob Walker Racing Team;Lotus;Climax
1952.06.22;Belgium;Stirling Moss;F;1929.9.17;brit;;motor;ERA Ltd;ERA;Bristol
1954.07.17;Nagy-Britannia;Stirling Moss;F;1929.9.17;brit;;futómû;Alfred Moss;Maserati;Maserati
1952.09.07;Olaszország;Stirling Moss;F;1929.9.17;brit;;kiállás;Connaught Engineering;Connaught;Lea
1960.08.14;Portugália;Stirling Moss;F;1929.9.17;brit;;pályaelhagyás;Rob Walker Racing Team;Lotus;Climax
1952.08.17;Hollandia;Stirling Moss;F;1929.9.17;brit;;motor;ERA Ltd;ERA;ERA
1959.09.13;Olaszország;Stirling Moss;F;1929.9.17;brit;1;;Rob Walker Racing Team;Cooper;Climax
1960.06.06;Hollandia;Stirling Moss;F;1929.9.17;brit;4;;Rob Walker Racing Team;Lotus;Climax
1955.05.22;Monaco;Stirling Moss;F;1929.9.17;brit;9;;Daimler Benz AG;Mercedes;Mercedes
1952.07.19;Nagy-Britannia;Stirling Moss;F;1929.9.17;brit;;motor;ERA Ltd;ERA;Bristol
1959.08.23;Portugália;Stirling Moss;F;1929.9.17;brit;1;;Rob Walker Racing Team;Cooper;Climax
1955.01.16;Argentína;Stirling Moss;F;1929.9.17;brit;4;;Daimler Benz AG;Mercedes;Mercedes
;;Esteban Tuero;F;1978.4.22;argentín;;;;;
1959.05.10;Monaco;Andre Testut;F;1926.4.13;monacoi;;kizárták;Monte Carlo Autosport;Maserati;Maserati
1958.05.18;Monaco;Andre Testut;F;1926.4.13;monacoi;;kizárták;Andre Testut;Maserati;Maserati
1956.07.14;Nagy-Britannia;Paul Emery;F;1916.11.12;brit;;gyújtás;Emeryson Cars;Emeryson;Alta
1958.05.18;Monaco;Paul Emery;F;1916.11.12;brit;;kizárták;BC Ecclestone;Connaught;Alta
;;Ricardo Zonta;F;1976.3.23;brazil;;;;;
1957.07.07;Franciaország;Mike MacDowel;F;1932.9.13;brit;7;;Cooper Car Company;Cooper;Climax
;;George Eaton;F;1945.11.12;kanadai;;;;;
;;Moises Solana;F;1935.12.26;mexikói;;;;;
;;Enrico Bertaggia;F;1964.9.19;olasz;;;;;
;;Corrado Fabi;F;1961.4.12;olasz;;;;;
;;Robert Kubica;F;1984.12.7;lengyel;;;;;
1955.01.16;Argentína;Alberto Uria;F;1924.7.11;uruguayi;;benzinhiány;;Maserati;Maserati
1956.01.22;Argentína;Alberto Uria;F;1924.7.11;uruguayi;6;;Alberto Uria;Maserati;Maserati
;;Scott Speed;F;1983.1.24;amerikai;;;;;
1955.05.30;USA;Jimmy Reece;F;1929.11.17;amerikai;;motor;Pankratz;Pankratz;Offenhauser
1956.05.30;USA;Jimmy Reece;F;1929.11.17;amerikai;9;;Lesovsky;Lesovsky;Offenhauser
1952.05.30;USA;Jimmy Reece;F;1929.11.17;amerikai;7;;John Zink;Kurtis;Offenhauser
1958.05.30;USA;Jimmy Reece;F;1929.11.17;amerikai;6;;Watson;Watson;Offenhauser
1957.05.30;USA;Jimmy Reece;F;1929.11.17;amerikai;;gázadagoló;Kurtis Kraft;Kurtis;Offenhauser
1954.05.31;USA;Jimmy Reece;F;1929.11.17;amerikai;17;;Pankratz;Pankratz;Offenhauser
;;Alessandro Zanardi;F;1966.10.23;olasz;;;;;
;;Divina Galica;N;1946.8.13;brit;;;;;
;;Jean-Manuel Bordeu;F;1934.1.1;argentín;;;;;
;;Patrick Tambay;F;1949.6.25;francia;;;;;
;;Gunnar Nilsson;F;1948.11.20;svéd;;;;;
1952.05.30;USA;Rodger Ward;F;1921.1.10;amerikai;;olajnyomás;Federal Auto Associates;Kurtis;Offenhauser
1959.12.12;USA;Rodger Ward;F;1921.1.10;amerikai;;kuplung;Leader Cards Inc;Kurtis;Offenhauser
1957.05.30;USA;Rodger Ward;F;1921.1.10;amerikai;;kompresszor;Lesovsky;Lesovsky;Offenhauser
1954.05.31;USA;Rodger Ward;F;1921.1.10;amerikai;;kiesett;Pawl;Pawl;Offenhauser
1960.05.30;USA;Rodger Ward;F;1921.1.10;amerikai;2;;Watson;Watson;Offenhauser
1955.05.30;USA;Rodger Ward;F;1921.1.10;amerikai;;karambol;Kuzma;Kuzma;Offenhauser
1951.05.30;USA;Rodger Ward;F;1921.1.10;amerikai;;olajcsõ;Louis and Bruce Bromme;Bromme;Offenhauser
1956.05.30;USA;Rodger Ward;F;1921.1.10;amerikai;8;;Kurtis Kraft;Kurtis;Offenhauser
1959.05.30;USA;Rodger Ward;F;1921.1.10;amerikai;1;;Watson;Watson;Offenhauser
1953.05.30;USA;Rodger Ward;F;1921.1.10;amerikai;16;;MA Walker;Kurtis;Offenhauser
1958.05.30;USA;Rodger Ward;F;1921.1.10;amerikai;;gyújtás;Lesovsky;Lesovsky;Offenhauser
;;Heinz Schiller;F;1930.1.25;svájci;;;;;
;;Erik Comas;F;1963.9.28;francia;;;;;
1953.05.30;USA;Jimmy Daywalt;F;1924.8.28;amerikai;6;;Chapman Root;Kurtis;Offenhauser
1959.05.30;USA;Jimmy Daywalt;F;1924.8.28;amerikai;14;;Leader Cards Inc;Kurtis;Offenhauser
1955.05.30;USA;Jimmy Daywalt;F;1924.8.28;amerikai;9;;Kurtis Kraft;Kurtis;Offenhauser
1954.05.31;USA;Jimmy Daywalt;F;1924.8.28;amerikai;;karambol;Kurtis Kraft;Kurtis;Offenhauser
1957.05.30;USA;Jimmy Daywalt;F;1924.8.28;amerikai;;karambol;Kurtis Kraft;Kurtis;Offenhauser
1956.05.30;USA;Jimmy Daywalt;F;1924.8.28;amerikai;;karambol;Kurtis Kraft;Kurtis;Offenhauser
1958.07.19;Nagy-Britannia;Bernie Ecclestone;F;1930.10.28;brit;;kizárták;BC Ecclestone;Connaught;Alta
1958.05.18;Monaco;Bernie Ecclestone;F;1930.10.28;brit;;kizárták;BC Ecclestone;Connaught;Alta
;;David Prophet;F;1937.10.9;brit;;;;;
;;Nigel Mansell;F;1953.8.8;brit;;;;;
;;Giovanni Lavaggi;F;1958.2.18;olasz;;;;;
;;Alexandre Premat;F;1982.4.5;francia;;;;;
1960.07.16;Nagy-Britannia;Maurice Trintignant;F;1917.10.30;francia;11;;David Brown Corporation;Aston;Aston
1953.07.05;Franciaország;Maurice Trintignant;F;1917.10.30;francia;;futómû;Equipe Gordini;Gordini;Gordini
1953.07.18;Nagy-Britannia;Maurice Trintignant;F;1917.10.30;francia;;sebességváltó;Equipe Gordini;Gordini;Gordini
1953.08.02;Németország;Maurice Trintignant;F;1917.10.30;francia;;differenciálmû;Equipe Gordini;Gordini;Gordini
1950.09.03;Olaszország;Maurice Trintignant;F;1917.10.30;francia;;vízcsõ;Equipe Gordini;Simca-Gordini;Simca-Gordini
1952.08.17;Hollandia;Maurice Trintignant;F;1917.10.30;francia;6;;Equipe Gordini;Gordini;Gordini
1951.07.29;Németország;Maurice Trintignant;F;1917.10.30;francia;;motor;Equipe Gordini;Simca-Gordini;Simca-Gordini
1959.05.10;Monaco;Maurice Trintignant;F;1917.10.30;francia;3;;Rob Walker Racing Team;Cooper;Climax
1958.05.26;Hollandia;Maurice Trintignant;F;1917.10.30;francia;9;;Rob Walker Racing Team;Cooper;Climax
1952.07.19;Nagy-Britannia;Maurice Trintignant;F;1917.10.30;francia;;sebességváltó;Equipe Gordini;Gordini;Gordini
1953.01.18;Argentína;Maurice Trintignant;F;1917.10.30;francia;7;;Equipe Gordini;Gordini;Gordini
1960.06.06;Hollandia;Maurice Trintignant;F;1917.10.30;francia;;sebességváltó;Scuderia Centro Sud;Cooper;Maserati
1951.09.16;Olaszország;Maurice Trintignant;F;1917.10.30;francia;;motor;Equipe Gordini;Simca-Gordini;Simca-Gordini
1952.07.06;Franciaország;Maurice Trintignant;F;1917.10.30;francia;5;;Equipe Gordini;Simca-Gordini;Gordini
1958.10.19;Marokkó;Maurice Trintignant;F;1917.10.30;francia;;motor;Rob Walker Racing Team;Cooper;Climax
1952.08.03;Németország;Maurice Trintignant;F;1917.10.30;francia;;karambol;Equipe Gordini;Gordini;Gordini
1953.06.07;Hollandia;Maurice Trintignant;F;1917.10.30;francia;6;;Equipe Gordini;Gordini;Gordini
1959.05.31;Hollandia;Maurice Trintignant;F;1917.10.30;francia;8;;Rob Walker Racing Team;Cooper;Climax
1953.06.21;Belgium;Maurice Trintignant;F;1917.10.30;francia;5;;Equipe Gordini;Gordini;Gordini
1957.07.20;Nagy-Britannia;Maurice Trintignant;F;1917.10.30;francia;4;;Scuderia Ferrari;Lancia;Lancia
1958.06.15;Belgium;Maurice Trintignant;F;1917.10.30;francia;7;;Scuderia Centro Sud;Maserati;Maserati
1950.05.21;Monaco;Maurice Trintignant;F;1917.10.30;francia;;karambol;Equipe Gordini;Simca-Gordini;Simca-Gordini
1957.07.07;Franciaország;Maurice Trintignant;F;1917.10.30;francia;;gyújtás;Scuderia Ferrari;Lancia;Lancia
1952.09.07;Olaszország;Maurice Trintignant;F;1917.10.30;francia;;motor;Equipe Gordini;Gordini;Gordini
1958.09.07;Olaszország;Maurice Trintignant;F;1917.10.30;francia;;sebességváltó;Rob Walker Racing Team;Cooper;Climax
1954.08.22;Svájc;Maurice Trintignant;F;1917.10.30;francia;;motor;Scuderia Ferrari;Ferrari;Ferrari
1957.05.19;Monaco;Maurice Trintignant;F;1917.10.30;francia;5;;Scuderia Ferrari;Lancia;Lancia
1954.09.05;Olaszország;Maurice Trintignant;F;1917.10.30;francia;5;;Scuderia Ferrari;Ferrari;Ferrari
1953.09.13;Olaszország;Maurice Trintignant;F;1917.10.30;francia;5;;Equipe Gordini;Gordini;Gordini
1954.10.24;Spanyolország;Maurice Trintignant;F;1917.10.30;francia;;sebességváltó;Scuderia Ferrari;Ferrari;Ferrari
1955.01.16;Argentína;Maurice Trintignant;F;1917.10.30;francia;2;;Scuderia Ferrari;Ferrari;Ferrari
1959.07.18;Nagy-Britannia;Maurice Trintignant;F;1917.10.30;francia;5;;Rob Walker Racing Team;Cooper;Climax
1959.09.13;Olaszország;Maurice Trintignant;F;1917.10.30;francia;9;;Rob Walker Racing Team;Cooper;Climax
1955.09.11;Olaszország;Maurice Trintignant;F;1917.10.30;francia;8;;Scuderia Ferrari;Ferrari;Ferrari
1955.01.16;Argentína;Maurice Trintignant;F;1917.10.30;francia;3;;Scuderia Ferrari;Ferrari;Ferrari
1956.05.13;Monaco;Maurice Trintignant;F;1917.10.30;francia;;túlhajtás;Vandervell Products Ltd;Vanwall;Vanwall
1955.01.16;Argentína;Maurice Trintignant;F;1917.10.30;francia;;motor;Scuderia Ferrari;Ferrari;Ferrari
1952.05.18;Svájc;Maurice Trintignant;F;1917.10.30;francia;;motor;Ecurie Rosier;Ferrari;Ferrari
1955.07.16;Nagy-Britannia;Maurice Trintignant;F;1917.10.30;francia;;túlhajtás;Scuderia Ferrari;Ferrari;Ferrari
1951.10.28;Spanyolország;Maurice Trintignant;F;1917.10.30;francia;;motor;Equipe Gordini;Simca-Gordini;Simca-Gordini
1955.05.22;Monaco;Maurice Trintignant;F;1917.10.30;francia;1;;Scuderia Ferrari;Ferrari;Ferrari
1958.08.24;Portugália;Maurice Trintignant;F;1917.10.30;francia;8;;Rob Walker Racing Team;Cooper;Climax
1955.06.19;Hollandia;Maurice Trintignant;F;1917.10.30;francia;;sebességváltó;Scuderia Ferrari;Ferrari;Ferrari
1960.07.03;Franciaország;Maurice Trintignant;F;1917.10.30;francia;;karambol;Scuderia Centro Sud;Cooper;Maserati
1959.08.02;Németország;Maurice Trintignant;F;1917.10.30;francia;4;;Rob Walker Racing Team;Cooper;Climax
1951.07.01;Franciaország;Maurice Trintignant;F;1917.10.30;francia;;motor;Equipe Gordini;Simca-Gordini;Simca-Gordini
1959.08.23;Portugália;Maurice Trintignant;F;1917.10.30;francia;4;;Rob Walker Racing Team;Cooper;Climax
1955.06.05;Belgium;Maurice Trintignant;F;1917.10.30;francia;6;;Scuderia Ferrari;Ferrari;Ferrari
1958.08.03;Németország;Maurice Trintignant;F;1917.10.30;francia;3;;Rob Walker Racing Team;Cooper;Climax
1954.06.20;Belgium;Maurice Trintignant;F;1917.10.30;francia;2;;Scuderia Ferrari;Ferrari;Ferrari
1954.08.01;Németország;Maurice Trintignant;F;1917.10.30;francia;3;;Scuderia Ferrari;Ferrari;Ferrari
1954.01.17;Argentína;Maurice Trintignant;F;1917.10.30;francia;4;;Ecurie Rosier;Ferrari;Ferrari
1958.07.19;Nagy-Britannia;Maurice Trintignant;F;1917.10.30;francia;8;;Rob Walker Racing Team;Cooper;Climax
1956.07.14;Nagy-Britannia;Maurice Trintignant;F;1917.10.30;francia;;benzinfolyás;Vandervell Products Ltd;Vanwall;Vanwall
1960.02.07;Argentína;Maurice Trintignant;F;1917.10.30;francia;3;;Rob Walker Racing Team;Cooper;Climax
1960.05.29;Monaco;Maurice Trintignant;F;1917.10.30;francia;;sebességváltó;Scuderia Centro Sud;Cooper;Maserati
1956.09.02;Olaszország;Maurice Trintignant;F;1917.10.30;francia;;kiállás;Vandervell Products Ltd;Vanwall;Vanwall
1960.11.20;USA;Maurice Trintignant;F;1917.10.30;francia;15;;Scuderia Centro Sud;Cooper;Maserati
1958.05.18;Monaco;Maurice Trintignant;F;1917.10.30;francia;1;;Rob Walker Racing Team;Cooper;Climax
1959.07.05;Franciaország;Maurice Trintignant;F;1917.10.30;francia;11;;Rob Walker Racing Team;Cooper;Climax
1958.07.06;Franciaország;Maurice Trintignant;F;1917.10.30;francia;;olajfolyás;Owen Racing Organisation;BRM;BRM
1954.07.04;Franciaország;Maurice Trintignant;F;1917.10.30;francia;;motor;Scuderia Ferrari;Ferrari;Ferrari
1956.06.03;Belgium;Maurice Trintignant;F;1917.10.30;francia;;motor;Vandervell Products Ltd;Vanwall;Vanwall
1959.12.12;USA;Maurice Trintignant;F;1917.10.30;francia;2;;Rob Walker Racing Team;Cooper;Climax
1954.07.17;Nagy-Britannia;Maurice Trintignant;F;1917.10.30;francia;5;;Scuderia Ferrari;Ferrari;Ferrari
1953.08.23;Svájc;Maurice Trintignant;F;1917.10.30;francia;;sebességváltó;Equipe Gordini;Gordini;Gordini
1956.07.01;Franciaország;Maurice Trintignant;F;1917.10.30;francia;;gázadagoló;Automobiles Bugatti;Bugatti;Bugatti
;;Walt Hansgen;F;1919.10.28;amerikai;;;;;
;;Alessandro Pesenti-Rossi;F;1942.8.31;olasz;;;;;
1953.01.18;Argentína;Adolfo Schwelm-Cruz;F;1923.6.28;argentín;;kerék;Cooper Car Company;Cooper;Bristol
1960.06.06;Hollandia;Chuck Daigh;F;1923.11.29;amerikai;;visszalépés;Reventlow Automobiles Inc;Scarab;Scarab
1960.06.19;Belgium;Chuck Daigh;F;1923.11.29;amerikai;;motor;Reventlow Automobiles Inc;Scarab;Scarab
1960.07.03;Franciaország;Chuck Daigh;F;1923.11.29;amerikai;;motor;Reventlow Automobiles Inc;Scarab;Scarab
1960.07.16;Nagy-Britannia;Chuck Daigh;F;1923.11.29;amerikai;;túlhajtás;Cooper Car Company;Cooper;Climax
1960.05.29;Monaco;Chuck Daigh;F;1923.11.29;amerikai;;kizárták;Reventlow Automobiles Inc;Scarab;Scarab
1960.11.20;USA;Chuck Daigh;F;1923.11.29;amerikai;10;;Reventlow Automobiles Inc;Scarab;Scarab
1959.05.10;Monaco;Alain de Changy;F;1922.2.5;belga;;kizárták;Equipe Nationale Belge;Cooper;Climax
1959.07.18;Nagy-Britannia;Chris Bristow;F;1937.12.2;brit;10;;British Racing Partnership;Cooper;Borgward
1960.06.06;Hollandia;Chris Bristow;F;1937.12.2;brit;;motor;Yeoman Credit Racing Team;Cooper;Climax
1960.05.29;Monaco;Chris Bristow;F;1937.12.2;brit;;sebességváltó;Yeoman Credit Racing Team;Cooper;Climax
1960.06.19;Belgium;Chris Bristow;F;1937.12.2;brit;;karambol;Yeoman Credit Racing Team;Cooper;Climax
1952.07.06;Franciaország;Johnny Claes;F;1916.8.11;belga;;nem azonosított;Ecurie Belge;Simca-Gordini;Gordini
1952.06.22;Belgium;Johnny Claes;F;1916.8.11;belga;8;;Equipe Gordini;Gordini;Gordini
1952.07.19;Nagy-Britannia;Johnny Claes;F;1916.8.11;belga;14;;Ecurie Belge;Simca-Gordini;Gordini
1951.10.28;Spanyolország;Johnny Claes;F;1916.8.11;belga;;karambol;Ecurie Belge;Talbot-Lago;Talbot
1951.07.01;Franciaország;Johnny Claes;F;1916.8.11;belga;;karambol;Ecurie Belge;Talbot-Lago;Talbot
1955.06.05;Belgium;Johnny Claes;F;1916.8.11;belga;;motor;Stirling Moss Ltd;Maserati;Maserati
1950.07.02;Franciaország;Johnny Claes;F;1916.8.11;belga;;túlhajtás;Ecurie Belge;Talbot-Lago;Talbot
1951.09.16;Olaszország;Johnny Claes;F;1916.8.11;belga;;olajpumpa;Ecurie Belge;Talbot-Lago;Talbot
1955.06.19;Hollandia;Johnny Claes;F;1916.8.11;belga;11;;Equipe Nationale Belge;Ferrari;Ferrari
1950.09.03;Olaszország;Johnny Claes;F;1916.8.11;belga;;túlhajtás;Ecurie Belge;Talbot-Lago;Talbot
1950.06.18;Belgium;Johnny Claes;F;1916.8.11;belga;8;;Ecurie Belge;Talbot-Lago;Talbot
1951.05.27;Svájc;Johnny Claes;F;1916.8.11;belga;13;;Ecurie Belge;Talbot-Lago;Talbot
1950.06.04;Svájc;Johnny Claes;F;1916.8.11;belga;10;;Ecurie Belge;Talbot-Lago;Talbot
1951.06.17;Belgium;Johnny Claes;F;1916.8.11;belga;7;;Ecurie Belge;Talbot-Lago;Talbot
1953.09.13;Olaszország;Johnny Claes;F;1916.8.11;belga;;benzinfolyás;Ecurie Belge;Connaught;Lea
1952.08.03;Németország;Johnny Claes;F;1916.8.11;belga;10;;HW Motors;HWM;Alta
1953.08.02;Németország;Johnny Claes;F;1916.8.11;belga;;kiesett;Ecurie Belge;Connaught;Lea
1950.05.21;Monaco;Johnny Claes;F;1916.8.11;belga;7;;Ecurie Belge;Talbot-Lago;Talbot
1953.06.07;Hollandia;Johnny Claes;F;1916.8.11;belga;;nem ért célba;Ecurie Belge;Connaught;Lea
1952.09.07;Olaszország;Johnny Claes;F;1916.8.11;belga;;kizárták;Vickomtesse de Walckiers;Simca-Gordini;Gordini
1953.06.21;Belgium;Johnny Claes;F;1916.8.11;belga;;kiesett;Officine Alfieri Maserati;Maserati;Maserati
1950.05.13;Nagy-Britannia;Johnny Claes;F;1916.8.11;belga;11;;Ecurie Belge;Talbot-Lago;Talbot
1951.07.29;Németország;Johnny Claes;F;1916.8.11;belga;11;;Ecurie Belge;Talbot-Lago;Talbot
1951.07.14;Nagy-Britannia;Johnny Claes;F;1916.8.11;belga;13;;Ecurie Belge;Talbot-Lago;Talbot
1953.07.05;Franciaország;Johnny Claes;F;1916.8.11;belga;12;;Ecurie Belge;Connaught;Lea
;;Jean-Pierre Jarier;F;1946.7.10;francia;;;;;
;;Jos Verstappen;F;1972.3.4;holland;;;;;
1959.05.10;Monaco;Ivo Bueb;F;1923.6.6;brit;;kizárták;British Racing Partnership;Cooper;Climax
1959.07.18;Nagy-Britannia;Ivo Bueb;F;1923.6.6;brit;13;;British Racing Partnership;Cooper;Borgward
1958.08.03;Németország;Ivo Bueb;F;1923.6.6;brit;11;;Ecurie Demi Litre;Lotus;Climax
1958.07.19;Nagy-Britannia;Ivo Bueb;F;1923.6.6;brit;;sebességváltó;BC Ecclestone;Connaught;Alta
1957.07.20;Nagy-Britannia;Ivo Bueb;F;1923.6.6;brit;8;;Gilby Engineering Ltd;Maserati;Maserati
1957.05.19;Monaco;Ivo Bueb;F;1923.6.6;brit;;benzintank;Connaught Engineering;Connaught;Alta
;;Johnny Servoz-Gavin;F;1942.1.18;francia;;;;;
;;Kevin Cogan;F;1956.3.31;amerikai;;;;;
;;Jo Vonlanthen;F;1942.5.31;svájci;;;;;
;;Marc Surer;F;1951.9.18;svájci;;;;;
1954.05.31;USA;Frank Armi;F;1918.10.12;amerikai;19;;Kurtis Kraft;Kurtis;Offenhauser
1959.07.05;Franciaország;Carel-Godin de Beaufort;F;1934.4.10;holland;9;;Scuderia Ugolini;Maserati;Maserati
1959.05.31;Hollandia;Carel-Godin de Beaufort;F;1934.4.10;holland;10;;Ecurie Maarsbergen;Porsche;Porsche
1958.08.03;Németország;Carel-Godin de Beaufort;F;1934.4.10;holland;;motor;Ecurie Maarsbergen;Porsche;Porsche
1960.06.06;Hollandia;Carel-Godin de Beaufort;F;1934.4.10;holland;8;;Ecurie Maarsbergen;Cooper;Climax
1958.05.26;Hollandia;Carel-Godin de Beaufort;F;1934.4.10;holland;11;;Ecurie Maarsbergen;Porsche;Porsche
1957.08.04;Németország;Carel-Godin de Beaufort;F;1934.4.10;holland;14;;Ecurie Maarsbergen;Porsche;Porsche
;;Neville Lederle;F;1938.9.25;dél-afrikai;;;;;
1956.09.02;Olaszország;Les Leston;F;1920.12.16;brit;;torziós rúd;Connaught Engineering;Connaught;Alta
1957.05.19;Monaco;Les Leston;F;1920.12.16;brit;;kizárták;Cooper Car Company;Cooper;Climax
1957.07.20;Nagy-Britannia;Les Leston;F;1920.12.16;brit;;motor;Owen Racing Organisation;BRM;BRM
1960.06.06;Hollandia;Alan Stacey;F;1933.8.29;brit;;futómû;Team Lotus;Lotus;Climax
1959.12.12;USA;Alan Stacey;F;1933.8.29;brit;;kuplung;Team Lotus;Lotus;Climax
1959.07.18;Nagy-Britannia;Alan Stacey;F;1933.8.29;brit;8;;Team Lotus;Lotus;Climax
1960.06.19;Belgium;Alan Stacey;F;1933.8.29;brit;;karambol;Team Lotus;Lotus;Climax
1958.07.19;Nagy-Britannia;Alan Stacey;F;1933.8.29;brit;;túlhajtás;Team Lotus;Lotus;Climax
1960.02.07;Argentína;Alan Stacey;F;1933.8.29;brit;;feladta;Team Lotus;Lotus;Climax
1960.05.29;Monaco;Alan Stacey;F;1933.8.29;brit;;motorfelfüggesztés;Team Lotus;Lotus;Climax
1951.05.30;USA;Mike Nazaruk;F;1921.10.2;amerikai;2;;Jim Robbins;Kurtis;Offenhauser
1954.05.31;USA;Mike Nazaruk;F;1921.10.2;amerikai;5;;Kurtis Kraft;Kurtis;Offenhauser
1953.05.30;USA;Mike Nazaruk;F;1921.10.2;amerikai;;leállás;Lee Elkins;Turner;Offenhauser
;;Michel Leclere;F;1947.3.18;francia;;;;;
;;Gaetano Starrabba;F;1932.12.3;olasz;;;;;
1952.06.22;Belgium;Robert O'Brien;F;;amerikai;14;;;Simca-Gordini;Gordini
;;Stefano Modena;F;1963.5.12;olasz;;;;;
;;Tom Belso;F;1942.8.27;dán;;;;;
;;Roger Williamson;F;1948.2.2;brit;;;;;
;;Francois Migault;F;1944.12.4;francia;;;;;
1954.05.31;USA;Jack McGrath;F;1919.10.8;amerikai;3;;Kurtis Kraft;Kurtis;Offenhauser
1950.05.30;USA;Jack McGrath;F;1919.10.8;amerikai;14;;Jack Hinkle;Kurtis;Offenhauser
1955.05.30;USA;Jack McGrath;F;1919.10.8;amerikai;;gyújtás;Kurtis Kraft;Kurtis;Offenhauser
1951.05.30;USA;Jack McGrath;F;1919.10.8;amerikai;3;;Jack Hinkle;Kurtis;Offenhauser
1953.05.30;USA;Jack McGrath;F;1919.10.8;amerikai;5;;Jack Hinkle;Kurtis;Offenhauser
1952.05.30;USA;Jack McGrath;F;1919.10.8;amerikai;11;;Jack Hinkle;Kurtis;Offenhauser
1958.01.19;Argentína;Francesco Godia;F;1921.3.21;spanyol;8;;Francesco Godia-Sales;Maserati;Maserati
1951.10.28;Spanyolország;Francesco Godia;F;1921.3.21;spanyol;10;;Scuderia Milano;Maserati;Maserati
1956.07.01;Franciaország;Francesco Godia;F;1921.3.21;spanyol;7;;Officine Alfieri Maserati;Maserati;Maserati
1957.09.08;Olaszország;Francesco Godia;F;1921.3.21;spanyol;9;;Francesco Godia-Sales;Maserati;Maserati
1956.07.14;Nagy-Britannia;Francesco Godia;F;1921.3.21;spanyol;8;;Officine Alfieri Maserati;Maserati;Maserati
1954.10.24;Spanyolország;Francesco Godia;F;1921.3.21;spanyol;6;;Officine Alfieri Maserati;Maserati;Maserati
1957.08.18;Olaszország;Francesco Godia;F;1921.3.21;spanyol;;motor;Francesco Godia-Sales;Maserati;Maserati
1958.06.15;Belgium;Francesco Godia;F;1921.3.21;spanyol;;motor;Francesco Godia-Sales;Maserati;Maserati
1958.05.18;Monaco;Francesco Godia;F;1921.3.21;spanyol;;kizárták;Francesco Godia-Sales;Maserati;Maserati
1956.06.03;Belgium;Francesco Godia;F;1921.3.21;spanyol;;karambol;Officine Alfieri Maserati;Maserati;Maserati
1956.09.02;Olaszország;Francesco Godia;F;1921.3.21;spanyol;4;;Officine Alfieri Maserati;Maserati;Maserati
1958.07.06;Franciaország;Francesco Godia;F;1921.3.21;spanyol;;karambol;;Maserati;Maserati
1957.08.04;Németország;Francesco Godia;F;1921.3.21;spanyol;;kormány;Francesco Godia-Sales;Maserati;Maserati
1956.08.05;Németország;Francesco Godia;F;1921.3.21;spanyol;4;;Officine Alfieri Maserati;Maserati;Maserati
;;Brausch Niemann;F;1939.1.7;dél-afrikai;;;;;
;;Gunther Seiffert;F;1937.10.18;német;;;;;
1958.10.19;Marokkó;Andre Guelfi;F;1919.5.6;francia;15;;;Cooper;Climax
1953.05.30;USA;Duke Nalon;F;1913.3.12;amerikai;11;;Jean Marcenac;Kurtis;Novi
1951.05.30;USA;Duke Nalon;F;1913.3.12;amerikai;;kiesett;Jean Marcenac;Kurtis;Novi
1952.05.30;USA;Duke Nalon;F;1913.3.12;amerikai;;kompresszor;Lewis Welch;Kurtis;Novi
;;Patrick Neve;F;1949.10.13;belga;;;;;
1957.08.04;Németország;Paul England;F;1929.3.28;ausztrál;;gyújtás;Ridgeway Managements;Cooper;Climax
;;John Cannon;F;1937.6.21;kanadai;;;;;
1960.05.30;USA;Bud Tingelstad;F;1928.4.4;amerikai;9;;Trevis;Trevis;Offenhauser
;;Chris Craft;F;1939.11.17;brit;;;;;
1960.07.16;Nagy-Britannia;Wolfgang von Trips;F;1928.5.4;német;6;;Scuderia Ferrari;Ferrari;Ferrari
1958.08.24;Portugália;Wolfgang von Trips;F;1928.5.4;német;5;;Scuderia Ferrari;Ferrari;Ferrari
1957.05.19;Monaco;Wolfgang von Trips;F;1928.5.4;német;;kiesett;Scuderia Ferrari;Lancia;Lancia
1960.11.20;USA;Wolfgang von Trips;F;1928.5.4;német;9;;Scuderia Centro Sud;Cooper;Maserati
1960.06.19;Belgium;Wolfgang von Trips;F;1928.5.4;német;;futómû;Scuderia Ferrari;Ferrari;Ferrari
1960.05.29;Monaco;Wolfgang von Trips;F;1928.5.4;német;8;;Scuderia Ferrari;Ferrari;Ferrari
1959.05.10;Monaco;Wolfgang von Trips;F;1928.5.4;német;;karambol;Dr Ing F Porsche KG;Porsche;Porsche
1960.08.14;Portugália;Wolfgang von Trips;F;1928.5.4;német;4;;Scuderia Ferrari;Ferrari;Ferrari
1958.07.19;Nagy-Britannia;Wolfgang von Trips;F;1928.5.4;német;;motor;Scuderia Ferrari;Ferrari;Ferrari
1958.05.18;Monaco;Wolfgang von Trips;F;1928.5.4;német;;motor;Scuderia Ferrari;Ferrari;Ferrari
1959.12.12;USA;Wolfgang von Trips;F;1928.5.4;német;6;;Scuderia Ferrari;Ferrari;Ferrari
1960.06.06;Hollandia;Wolfgang von Trips;F;1928.5.4;német;5;;Scuderia Ferrari;Ferrari;Ferrari
1960.02.07;Argentína;Wolfgang von Trips;F;1928.5.4;német;5;;Scuderia Ferrari;Ferrari;Ferrari
1960.09.04;Olaszország;Wolfgang von Trips;F;1928.5.4;német;5;;Scuderia Ferrari;Ferrari;Ferrari
1960.07.03;Franciaország;Wolfgang von Trips;F;1928.5.4;német;;futómû;Scuderia Ferrari;Ferrari;Ferrari
1956.09.02;Olaszország;Wolfgang von Trips;F;1928.5.4;német;;karambol;Scuderia Ferrari;Lancia;Lancia
1957.01.13;Argentína;Wolfgang von Trips;F;1928.5.4;német;6;;Scuderia Ferrari;Lancia;Lancia
1959.08.02;Németország;Wolfgang von Trips;F;1928.5.4;német;;visszalépés;Dr Ing F Porsche KG;Porsche;Porsche
1957.09.08;Olaszország;Wolfgang von Trips;F;1928.5.4;német;3;;Scuderia Ferrari;Lancia;Lancia
1958.08.03;Németország;Wolfgang von Trips;F;1928.5.4;német;4;;Scuderia Ferrari;Ferrari;Ferrari
1958.07.06;Franciaország;Wolfgang von Trips;F;1928.5.4;német;3;;Scuderia Ferrari;Ferrari;Ferrari
1958.09.07;Olaszország;Wolfgang von Trips;F;1928.5.4;német;;karambol;Scuderia Ferrari;Ferrari;Ferrari
1954.07.17;Nagy-Britannia;Leslie Thorne;F;1916.6.23;brit;14;;Ecurie Ecosse;Connaught;Lea
;;Toshio Suzuki;F;1955.3.10;japán;;;;;
1953.08.02;Németország;Theo Helfrich;F;1913.5.13;német;12;;;Veritas;Veritas
1952.08.03;Németország;Theo Helfrich;F;1913.5.13;német;;kiesett;;Veritas;BMW
1954.08.01;Németország;Theo Helfrich;F;1913.5.13;német;;motor;Hans Klenk-Meteor;Klenk-Meteor;BMW
;;Carlo Facetti;F;1935.6.26;olasz;;;;;
;;Enrico Toccacelo;F;1978.12.12;olasz;;;;;
;;Joachim Winkelhock;F;1960.10.24;német;;;;;
1958.06.15;Belgium;Maria-Teresa de Filippis;N;1926.11.11;olasz;10;;;Maserati;Maserati
1958.08.24;Portugália;Maria-Teresa de Filippis;N;1926.11.11;olasz;;motor;Scuderia Centro Sud;Maserati;Maserati
1959.05.10;Monaco;Maria-Teresa de Filippis;N;1926.11.11;olasz;;kizárták;Dr Ing F Porsche KG;Behra-Porsche;Porsche
1958.09.07;Olaszország;Maria-Teresa de Filippis;N;1926.11.11;olasz;;motor;;Maserati;Maserati
1958.05.18;Monaco;Maria-Teresa de Filippis;N;1926.11.11;olasz;;kizárták;;Maserati;Maserati
;;Kenny Acheson;F;1957.11.27;brit;;;;;
;;Gianfranco Brancatelli;F;1950.1.18;olasz;;;;;
;;Michael Bleekemolen;F;1949.10.2;holland;;;;;
;;Mauro Baldi;F;1954.1.31;olasz;;;;;
1955.07.16;Nagy-Britannia;Ken McAlpine;F;1920.9.21;brit;;olajfolyás;Connaught Engineering;Connaught;Alta
1953.07.18;Nagy-Britannia;Ken McAlpine;F;1920.9.21;brit;;tömlõrepedés;Connaught Engineering;Connaught;Lea
1952.09.07;Olaszország;Ken McAlpine;F;1920.9.21;brit;;kiállás;Connaught Engineering;Connaught;Lea
1953.08.02;Németország;Ken McAlpine;F;1920.9.21;brit;13;;Connaught Engineering;Connaught;Lea
1953.06.07;Hollandia;Ken McAlpine;F;1920.9.21;brit;;motor;Connaught Engineering;Connaught;Lea
1952.07.19;Nagy-Britannia;Ken McAlpine;F;1920.9.21;brit;16;;Connaught Engineering;Connaught;Lea
1953.09.13;Olaszország;Ken McAlpine;F;1920.9.21;brit;;nem teljesítette a távot;Connaught Engineering;Connaught;Lea
1956.05.30;USA;Johnnie Parsons;F;1918.7.4;amerikai;4;;Kuzma;Kuzma;Offenhauser
1958.05.30;USA;Johnnie Parsons;F;1918.7.4;amerikai;12;;Kurtis Kraft;Kurtis;Offenhauser
1951.05.30;USA;Johnnie Parsons;F;1918.7.4;amerikai;;gyújtás;Ed Walsh;Kurtis;Offenhauser
1954.05.31;USA;Johnnie Parsons;F;1918.7.4;amerikai;;motor;Kurtis Kraft;Kurtis;Offenhauser
1954.05.31;USA;Johnnie Parsons;F;1918.7.4;amerikai;11;;Kurtis Kraft;Kurtis;Offenhauser
1957.05.30;USA;Johnnie Parsons;F;1918.7.4;amerikai;16;;Kurtis Kraft;Kurtis;Offenhauser
1950.05.30;USA;Johnnie Parsons;F;1918.7.4;amerikai;1;;Kurtis Kraft;Kurtis;Offenhauser
1953.05.30;USA;Johnnie Parsons;F;1918.7.4;amerikai;;motor;JS Belond;Kurtis;Offenhauser
1952.05.30;USA;Johnnie Parsons;F;1918.7.4;amerikai;10;;Jim Robbins;Kurtis;Offenhauser
1955.05.30;USA;Johnnie Parsons;F;1918.7.4;amerikai;;gyújtás;Kurtis Kraft;Kurtis;Offenhauser
1959.05.30;USA;Al Keller;F;1920.4.11;amerikai;;motor;Kuzma;Kuzma;Offenhauser
1955.05.30;USA;Al Keller;F;1920.4.11;amerikai;;karambol;Kurtis Kraft;Kurtis;Offenhauser
1958.05.30;USA;Al Keller;F;1920.4.11;amerikai;11;;Kurtis Kraft;Kurtis;Offenhauser
1956.05.30;USA;Al Keller;F;1920.4.11;amerikai;14;;Kurtis Kraft;Kurtis;Offenhauser
1957.05.30;USA;Al Keller;F;1920.4.11;amerikai;;karambol;Kurtis Kraft;Kurtis;Offenhauser
1954.01.17;Argentína;Roger Loyer;F;1907.8.5;francia;;olajnyomás;Equipe Gordini;Gordini;Gordini
;;Bruce Johnstone;F;1937.1.30;dél-afrikai;;;;;
1951.05.30;USA;Cliff Griffith;F;1916.2.6;amerikai;;tengely;Ludson Morris;Kurtis;Offenhauser
1952.05.30;USA;Cliff Griffith;F;1916.2.6;amerikai;9;;Tom Saraloff;Kurtis;Offenhauser
1956.05.30;USA;Cliff Griffith;F;1916.2.6;amerikai;10;;Stevens;Stevens;Offenhauser
;;Ayrton Senna;F;1960.3.21;brazil;;;;;
1950.09.03;Olaszország;Cuth Harrison;F;1906.7.6;brit;;hûtés;;ERA;ERA
1950.05.21;Monaco;Cuth Harrison;F;1906.7.6;brit;;karambol;;ERA;ERA
1950.05.13;Nagy-Britannia;Cuth Harrison;F;1906.7.6;brit;7;;;ERA;ERA
;;Gerard Larrousse;F;1940.5.23;francia;;;;;
;;Frank Dochnal;F;1920.10.8;amerikai;;;;;
;;Bernd Schneider;F;1964.7.20;német;;;;;
1950.09.03;Olaszország;Paul Pietsch;F;1911.6.20;német;;motor;;Maserati;Maserati
1952.08.03;Németország;Paul Pietsch;F;1911.6.20;német;;sebességváltó;Motor-Presse-Verlag;Veritas;Veritas
1951.07.29;Németország;Paul Pietsch;F;1911.6.20;német;;karambol;Alfa Romeo SpA;Alfa;Alfa
1960.02.07;Argentína;Nasif Estefano;F;1932.11.18;amerikai;14;;;Maserati;Maserati
;;Bob Bondurant;F;1933.4.27;amerikai;;;;;
1952.09.07;Olaszország;Piero Dusio;F;1899.10.13;olasz;;kizárták;;Cisitalia;BPM
;;Gary Brabham;F;1961.3.29;ausztrál;;;;;
1960.06.06;Hollandia;Jack Brabham;F;1926.4.2;ausztrál;1;;Cooper Car Company;Cooper;Climax
1960.07.16;Nagy-Britannia;Jack Brabham;F;1926.4.2;ausztrál;1;;Cooper Car Company;Cooper;Climax
1959.07.18;Nagy-Britannia;Jack Brabham;F;1926.4.2;ausztrál;1;;Cooper Car Company;Cooper;Climax
1958.08.24;Portugália;Jack Brabham;F;1926.4.2;ausztrál;7;;Cooper Car Company;Cooper;Climax
1960.08.14;Portugália;Jack Brabham;F;1926.4.2;ausztrál;1;;Cooper Car Company;Cooper;Climax
1958.05.18;Monaco;Jack Brabham;F;1926.4.2;ausztrál;4;;Cooper Car Company;Cooper;Climax
1960.07.03;Franciaország;Jack Brabham;F;1926.4.2;ausztrál;1;;Cooper Car Company;Cooper;Climax
1959.09.13;Olaszország;Jack Brabham;F;1926.4.2;ausztrál;3;;Cooper Car Company;Cooper;Climax
1959.08.23;Portugália;Jack Brabham;F;1926.4.2;ausztrál;;karambol;Cooper Car Company;Cooper;Climax
1957.07.07;Franciaország;Jack Brabham;F;1926.4.2;ausztrál;7;;Cooper Car Company;Cooper;Climax
1960.06.19;Belgium;Jack Brabham;F;1926.4.2;ausztrál;1;;Cooper Car Company;Cooper;Climax
1960.05.29;Monaco;Jack Brabham;F;1926.4.2;ausztrál;;pályaelhagyás;Cooper Car Company;Cooper;Climax
1957.08.04;Németország;Jack Brabham;F;1926.4.2;ausztrál;;futómû;Cooper Car Company;Cooper;Climax
1958.07.06;Franciaország;Jack Brabham;F;1926.4.2;ausztrál;6;;Cooper Car Company;Cooper;Climax
1957.07.07;Franciaország;Jack Brabham;F;1926.4.2;ausztrál;;karambol;Cooper Car Company;Cooper;Climax
1957.08.18;Olaszország;Jack Brabham;F;1926.4.2;ausztrál;7;;Cooper Car Company;Cooper;Climax
1958.09.07;Olaszország;Jack Brabham;F;1926.4.2;ausztrál;;karambol;Cooper Car Company;Cooper;Climax
1959.08.02;Németország;Jack Brabham;F;1926.4.2;ausztrál;;kuplung;Cooper Car Company;Cooper;Climax
1957.05.19;Monaco;Jack Brabham;F;1926.4.2;ausztrál;6;;Rob Walker Racing Team;Cooper;Climax
1959.12.12;USA;Jack Brabham;F;1926.4.2;ausztrál;4;;Cooper Car Company;Cooper;Climax
1959.07.05;Franciaország;Jack Brabham;F;1926.4.2;ausztrál;3;;Cooper Car Company;Cooper;Climax
1959.05.31;Hollandia;Jack Brabham;F;1926.4.2;ausztrál;2;;Cooper Car Company;Cooper;Climax
1955.07.16;Nagy-Britannia;Jack Brabham;F;1926.4.2;ausztrál;;motor;Cooper Car Company;Cooper;Bristol
1959.05.10;Monaco;Jack Brabham;F;1926.4.2;ausztrál;1;;Cooper Car Company;Cooper;Climax
1960.11.20;USA;Jack Brabham;F;1926.4.2;ausztrál;4;;Cooper Car Company;Cooper;Climax
1957.07.20;Nagy-Britannia;Jack Brabham;F;1926.4.2;ausztrál;;kuplung;Rob Walker Racing Team;Cooper;Climax
1958.07.19;Nagy-Britannia;Jack Brabham;F;1926.4.2;ausztrál;6;;Cooper Car Company;Cooper;Climax
1958.08.03;Németország;Jack Brabham;F;1926.4.2;ausztrál;;karambol;Cooper Car Company;Cooper;Climax
1958.06.15;Belgium;Jack Brabham;F;1926.4.2;ausztrál;;túlhajtás;Cooper Car Company;Cooper;Climax
1958.10.19;Marokkó;Jack Brabham;F;1926.4.2;ausztrál;11;;Cooper Car Company;Cooper;Climax
1958.05.26;Hollandia;Jack Brabham;F;1926.4.2;ausztrál;8;;Cooper Car Company;Cooper;Climax
1956.07.14;Nagy-Britannia;Jack Brabham;F;1926.4.2;ausztrál;;motor;;Maserati;Maserati
1960.02.07;Argentína;Jack Brabham;F;1926.4.2;ausztrál;;sebességváltó;Cooper Car Company;Cooper;Climax
;;Jean Alesi;F;1964.6.11;francia;;;;;
;;Massimo Natili;F;1935.7.28;olasz;;;;;
;;Alan Rollinson;F;1943.5.15;brit;;;;;
1958.05.30;USA;George Amick;F;1924.10.24;amerikai;2;;Epperly;Epperly;Offenhauser
1956.05.30;USA;Billy Garrett;F;1933.4.24;amerikai;16;;Kuzma;Kuzma;Offenhauser
1958.05.30;USA;Billy Garrett;F;1933.4.24;amerikai;;gyújtás;Kurtis Kraft;Kurtis;Offenhauser
;;Denny Hulme;F;1936.6.18;új-zélandi;;;;;
1960.05.29;Monaco;Jo Bonnier;F;1930.1.31;svéd;5;;Owen Racing Organisation;BRM;BRM
1960.07.03;Franciaország;Jo Bonnier;F;1930.1.31;svéd;;motor;Owen Racing Organisation;BRM;BRM
1958.05.26;Hollandia;Jo Bonnier;F;1930.1.31;svéd;10;;Joakim Bonnier Racing Team;Maserati;Maserati
1957.07.20;Nagy-Britannia;Jo Bonnier;F;1930.1.31;svéd;;futómû;Joakim Bonnier Racing Team;Maserati;Maserati
1959.07.05;Franciaország;Jo Bonnier;F;1930.1.31;svéd;;motor;Owen Racing Organisation;BRM;BRM
1957.09.08;Olaszország;Jo Bonnier;F;1930.1.31;svéd;;túlhajtás;Scuderia Centro Sud;Maserati;Maserati
1958.05.18;Monaco;Jo Bonnier;F;1930.1.31;svéd;;karambol;Officine Alfieri Maserati;Maserati;Maserati
1959.05.10;Monaco;Jo Bonnier;F;1930.1.31;svéd;;törés;Owen Racing Organisation;BRM;BRM
1960.06.19;Belgium;Jo Bonnier;F;1930.1.31;svéd;;motor;Owen Racing Organisation;BRM;BRM
1960.07.16;Nagy-Britannia;Jo Bonnier;F;1930.1.31;svéd;;kiállás;Owen Racing Organisation;BRM;BRM
1959.05.31;Hollandia;Jo Bonnier;F;1930.1.31;svéd;1;;Owen Racing Organisation;BRM;BRM
1957.08.18;Olaszország;Jo Bonnier;F;1930.1.31;svéd;;túlhajtás;Scuderia Centro Sud;Maserati;Maserati
1960.06.06;Hollandia;Jo Bonnier;F;1930.1.31;svéd;;motor;Owen Racing Organisation;BRM;BRM
1956.09.02;Olaszország;Jo Bonnier;F;1930.1.31;svéd;;kiesett;Officine Alfieri Maserati;Maserati;Maserati
1957.01.13;Argentína;Jo Bonnier;F;1930.1.31;svéd;7;;Scuderia Centro Sud;Maserati;Maserati
1958.09.07;Olaszország;Jo Bonnier;F;1930.1.31;svéd;;tûz;Owen Racing Organisation;BRM;BRM
1958.08.03;Németország;Jo Bonnier;F;1930.1.31;svéd;;karambol;Scuderia Centro Sud;Maserati;Maserati
1959.09.13;Olaszország;Jo Bonnier;F;1930.1.31;svéd;8;;Owen Racing Organisation;BRM;BRM
1960.11.20;USA;Jo Bonnier;F;1930.1.31;svéd;5;;Owen Racing Organisation;BRM;BRM
1959.07.18;Nagy-Britannia;Jo Bonnier;F;1930.1.31;svéd;;gázadagoló;Owen Racing Organisation;BRM;BRM
1958.07.19;Nagy-Britannia;Jo Bonnier;F;1930.1.31;svéd;;sebességváltó;Joakim Bonnier Racing Team;Maserati;Maserati
1958.10.19;Marokkó;Jo Bonnier;F;1930.1.31;svéd;4;;Owen Racing Organisation;BRM;BRM
1958.08.24;Portugália;Jo Bonnier;F;1930.1.31;svéd;;rosszullét;Joakim Bonnier Racing Team;Maserati;Maserati
1959.08.23;Portugália;Jo Bonnier;F;1930.1.31;svéd;;motor;Owen Racing Organisation;BRM;BRM
1959.08.02;Németország;Jo Bonnier;F;1930.1.31;svéd;5;;Owen Racing Organisation;BRM;BRM
1960.02.07;Argentína;Jo Bonnier;F;1930.1.31;svéd;7;;Owen Racing Organisation;BRM;BRM
1958.07.06;Franciaország;Jo Bonnier;F;1930.1.31;svéd;8;;Giorgio Scarlatti;Maserati;Maserati
1958.06.15;Belgium;Jo Bonnier;F;1930.1.31;svéd;9;;Joakim Bonnier Racing Team;Maserati;Maserati
1960.08.14;Portugália;Jo Bonnier;F;1930.1.31;svéd;;motor;Owen Racing Organisation;BRM;BRM
1959.05.30;USA;Bob Christie;F;1924.4.4;amerikai;;motor;Leader Cards Inc;Kurtis;Offenhauser
1957.05.30;USA;Bob Christie;F;1924.4.4;amerikai;13;;Kurtis Kraft;Kurtis;Offenhauser
1958.05.30;USA;Bob Christie;F;1924.4.4;amerikai;;kicsúszás;Kurtis Kraft;Kurtis;Offenhauser
1956.05.30;USA;Bob Christie;F;1924.4.4;amerikai;13;;Kurtis Kraft;Kurtis;Offenhauser
1960.05.30;USA;Bob Christie;F;1924.4.4;amerikai;10;;Kurtis Kraft;Kurtis;Offenhauser
;;Emilio Zapico;F;1944.5.21;spanyol;;;;;
1958.05.30;USA;Pat O'Connor;F;1928.10.9;amerikai;;karambol;Kurtis Kraft;Kurtis;Offenhauser
1954.05.31;USA;Pat O'Connor;F;1928.10.9;amerikai;;kicsúszás;Kurtis Kraft;Kurtis;Offenhauser
1955.05.30;USA;Pat O'Connor;F;1928.10.9;amerikai;8;;Kurtis Kraft;Kurtis;Offenhauser
1957.05.30;USA;Pat O'Connor;F;1928.10.9;amerikai;8;;Kurtis Kraft;Kurtis;Offenhauser
1956.05.30;USA;Pat O'Connor;F;1928.10.9;amerikai;18;;Kurtis Kraft;Kurtis;Offenhauser
;;Pierre-Henri Raphanel;F;1961.5.27;francia;;;;;
;;John Cordts;F;1935.7.23;kanadai;;;;;
1953.05.30;USA;Andy Linden;F;1922.4.5;amerikai;;kiesett;John Zink;Kurtis;Offenhauser
1952.05.30;USA;Andy Linden;F;1922.4.5;amerikai;;olajpumpa;Hart Fullerton;Kurtis;Offenhauser
1957.05.30;USA;Andy Linden;F;1922.4.5;amerikai;5;;Kurtis Kraft;Kurtis;Offenhauser
1953.05.30;USA;Andy Linden;F;1922.4.5;amerikai;16;;MA Walker;Kurtis;Offenhauser
1951.05.30;USA;Andy Linden;F;1922.4.5;amerikai;4;;George Leitenberger;Sherman;Offenhauser
1954.05.31;USA;Andy Linden;F;1922.4.5;amerikai;;kiesett;Schroeder;Kurtis;Offenhauser
1956.05.30;USA;Andy Linden;F;1922.4.5;amerikai;;olajfolyás;Kurtis Kraft;Kurtis;Offenhauser
1955.05.30;USA;Andy Linden;F;1922.4.5;amerikai;6;;Kurtis Kraft;Kurtis;Offenhauser
1953.05.30;USA;Andy Linden;F;1922.4.5;amerikai;;karambol;Rotary Engineering;Kurtis;Offenhauser
1954.05.31;USA;Andy Linden;F;1922.4.5;amerikai;11;;Kurtis Kraft;Kurtis;Offenhauser
1954.05.31;USA;Andy Linden;F;1922.4.5;amerikai;;kiesett;Nichels;Kurtis;Offenhauser
1960.05.30;USA;Red Amick;F;1929.1.19;amerikai;11;;Epperly;Epperly;Offenhauser
1959.05.30;USA;Red Amick;F;1929.1.19;amerikai;;karambol;Leader Cards Inc;Kurtis;Offenhauser
1951.09.16;Olaszország;Reg Parnell;F;1911.7.2;brit;;motor;British Racing Motors Ltd;BRM;BRM
1950.07.02;Franciaország;Reg Parnell;F;1911.7.2;brit;;motor;Scuderia Ambrosiana;Maserati;Maserati
1954.07.17;Nagy-Britannia;Reg Parnell;F;1911.7.2;brit;;kiesett;Scuderia Ambrosiana;Ferrari;Ferrari
1952.07.19;Nagy-Britannia;Reg Parnell;F;1911.7.2;brit;7;;AHM Bryde;Cooper;Bristol
1951.07.14;Nagy-Britannia;Reg Parnell;F;1911.7.2;brit;5;;British Racing Motors Ltd;BRM;BRM
1950.05.13;Nagy-Britannia;Reg Parnell;F;1911.7.2;brit;3;;Alfa Romeo SpA;Alfa;Alfa
1951.07.01;Franciaország;Reg Parnell;F;1911.7.2;brit;4;;G A Vanderwell;Ferrari;Ferrari
;;David Coulthard;F;1971.3.27;skót;;;;;
1954.07.17;Nagy-Britannia;Rodney Nuckey;F;1929.6.26;brit;;nem rajtolt el;Ecurie Richmond;Cooper;Bristol
1953.08.02;Németország;Rodney Nuckey;F;1929.6.26;brit;11;;;Cooper;Bristol
1959.05.30;USA;Paul Goldsmith;F;1927.10.2;amerikai;5;;Epperly;Epperly;Offenhauser
1960.05.30;USA;Paul Goldsmith;F;1927.10.2;amerikai;3;;Epperly;Epperly;Offenhauser
1958.05.30;USA;Paul Goldsmith;F;1927.10.2;amerikai;;karambol;Kurtis Kraft;Kurtis;Offenhauser
1954.07.17;Nagy-Britannia;Leslie Marr;F;1922.8.14;brit;13;;;Connaught;Lea
1955.07.16;Nagy-Britannia;Leslie Marr;F;1922.8.14;brit;;karambol;;Connaught;Alta
;;Didier Pironi;F;1952.3.26;francia;;;;;
;;Shinji Nakano;F;1971.4.1;japán;;;;;
1952.06.22;Belgium;Robin [Robert] Montgomerie-Charrington;F;1915.6.22;brit;;motor;WS Aston;Aston;Butterworth
;;Rolf Stommelen;F;1943.7.11;német;;;;;
;;James Hunt;F;1947.8.29;brit;;;;;
;;Roberto Lippi;F;1926.10.17;olasz;;;;;
1960.05.30;USA;Eddie Sachs;F;1927.5.28;amerikai;;gyújtás;Ewing;Ewing;Offenhauser
1958.05.30;USA;Eddie Sachs;F;1927.5.28;amerikai;;futómû;Kuzma;Kuzma;Offenhauser
1957.05.30;USA;Eddie Sachs;F;1927.5.28;amerikai;;benzinpumpa;Kuzma;Kuzma;Offenhauser
1959.05.30;USA;Eddie Sachs;F;1927.5.28;amerikai;;kicsúszás;Kuzma;Kuzma;Offenhauser
;;Ronnie Bucknum;F;1936.4.5;amerikai;;;;;
;;Ian Ashley;F;1947.10.26;brit;;;;;
1959.07.18;Nagy-Britannia;Peter Ashdown;F;1934.10.16;brit;12;;Alan Brown Equipe;Cooper;Climax
;;Ludovico Scarfiotti;F;1933.10.18;olasz;;;;;
;;Brett Lunger;F;1945.11.14;amerikai;;;;;
;;Tony Maggs;F;1937.2.9;dél-afrikai;;;;;
;;Kazuyoshi Hoshino;F;1947.7.1;japán;;;;;
;;Roberto Guerrero;F;1958.11.16;kolumbiai;;;;;
;;Jean-Denis Deletraz;F;1963.10.1;svájci;;;;;
;;Guy Edwards;F;1942.12.30;brit;;;;;
;;Ivan Capelli;F;1963.5.24;olasz;;;;;
;;Bjorn Wirdheim;F;1980.4.4;svéd;;;;;
;;Eric Bernard;F;1964.8.24;francia;;;;;
;;Skip Barber;F;1936.11.16;amerikai;;;;;
;;Nicolas Kiesa;F;1978.3.3;dán;;;;;
1953.05.30;USA;Marshall Teague;F;1921.5.22;amerikai;;olajfolyás;Hart Fullerton;Kurtis;Offenhauser
1954.05.31;USA;Marshall Teague;F;1921.5.22;amerikai;;kiesett;Kurtis Kraft;Kurtis;Offenhauser
1954.05.31;USA;Marshall Teague;F;1921.5.22;amerikai;15;;Kurtis Kraft;Kurtis;Offenhauser
1957.05.30;USA;Marshall Teague;F;1921.5.22;amerikai;7;;Kurtis Kraft;Kurtis;Offenhauser
;;Claudio Langes;F;1960.7.20;olasz;;;;;
1960.06.19;Belgium;Bruce McLaren;F;1937.8.30;új-zélandi;2;;Cooper Car Company;Cooper;Climax
1959.12.12;USA;Bruce McLaren;F;1937.8.30;új-zélandi;1;;Cooper Car Company;Cooper;Climax
1960.02.07;Argentína;Bruce McLaren;F;1937.8.30;új-zélandi;1;;Cooper Car Company;Cooper;Climax
1960.07.03;Franciaország;Bruce McLaren;F;1937.8.30;új-zélandi;3;;Cooper Car Company;Cooper;Climax
1959.07.05;Franciaország;Bruce McLaren;F;1937.8.30;új-zélandi;5;;Cooper Car Company;Cooper;Climax
1959.08.02;Németország;Bruce McLaren;F;1937.8.30;új-zélandi;;kuplung;Cooper Car Company;Cooper;Climax
1960.08.14;Portugália;Bruce McLaren;F;1937.8.30;új-zélandi;2;;Cooper Car Company;Cooper;Climax
1960.07.16;Nagy-Britannia;Bruce McLaren;F;1937.8.30;új-zélandi;4;;Cooper Car Company;Cooper;Climax
1960.05.29;Monaco;Bruce McLaren;F;1937.8.30;új-zélandi;2;;Cooper Car Company;Cooper;Climax
1959.07.18;Nagy-Britannia;Bruce McLaren;F;1937.8.30;új-zélandi;3;;Cooper Car Company;Cooper;Climax
1958.10.19;Marokkó;Bruce McLaren;F;1937.8.30;új-zélandi;13;;Cooper Car Company;Cooper;Climax
1959.08.23;Portugália;Bruce McLaren;F;1937.8.30;új-zélandi;;futómû;Cooper Car Company;Cooper;Climax
1960.11.20;USA;Bruce McLaren;F;1937.8.30;új-zélandi;3;;Cooper Car Company;Cooper;Climax
1959.05.10;Monaco;Bruce McLaren;F;1937.8.30;új-zélandi;5;;Cooper Car Company;Cooper;Climax
1960.06.06;Hollandia;Bruce McLaren;F;1937.8.30;új-zélandi;;nem azonosított;Cooper Car Company;Cooper;Climax
1959.09.13;Olaszország;Bruce McLaren;F;1937.8.30;új-zélandi;;motor;Cooper Car Company;Cooper;Climax
1958.08.03;Németország;Bruce McLaren;F;1937.8.30;új-zélandi;5;;Cooper Car Company;Cooper;Climax
1958.05.30;USA;Art Bisch;F;1926.11.10;amerikai;;karambol;Kuzma;Kuzma;Offenhauser
;;Ronnie Peterson;F;1944.2.14;svéd;;;;;
;;Carlos Reutemann;F;1942.4.12;argentín;;;;;
1960.07.16;Nagy-Britannia;Olivier Gendebien;F;1924.1.12;belga;9;;Yeoman Credit Racing Team;Cooper;Climax
1960.06.19;Belgium;Olivier Gendebien;F;1924.1.12;belga;3;;Yeoman Credit Racing Team;Cooper;Climax
1958.10.19;Marokkó;Olivier Gendebien;F;1924.1.12;belga;;karambol;Scuderia Ferrari;Ferrari;Ferrari
1960.07.03;Franciaország;Olivier Gendebien;F;1924.1.12;belga;2;;Yeoman Credit Racing Team;Cooper;Climax
1959.07.05;Franciaország;Olivier Gendebien;F;1924.1.12;belga;4;;Scuderia Ferrari;Ferrari;Ferrari
1958.06.15;Belgium;Olivier Gendebien;F;1924.1.12;belga;6;;Scuderia Ferrari;Ferrari;Ferrari
1958.09.07;Olaszország;Olivier Gendebien;F;1924.1.12;belga;;nem azonosított;Scuderia Ferrari;Ferrari;Ferrari
1956.07.01;Franciaország;Olivier Gendebien;F;1924.1.12;belga;;kuplung;Scuderia Ferrari;Lancia;Lancia
1956.01.22;Argentína;Olivier Gendebien;F;1924.1.12;belga;5;;Scuderia Ferrari;Ferrari;Lancia
1960.08.14;Portugália;Olivier Gendebien;F;1924.1.12;belga;7;;Yeoman Credit Racing Team;Cooper;Climax
1959.09.13;Olaszország;Olivier Gendebien;F;1924.1.12;belga;6;;Scuderia Ferrari;Ferrari;Ferrari
1960.11.20;USA;Olivier Gendebien;F;1924.1.12;belga;12;;Yeoman Credit Racing Team;Cooper;Climax
1950.05.30;USA;Travis Webb;F;1910.10.8;amerikai;20;;RA Cott;Maserati;Offenhauser
1952.05.30;USA;Travis Webb;F;1910.10.8;amerikai;;olajfolyás;Vincent Granatelli;Bromme;Offenhauser
1954.05.31;USA;Travis Webb;F;1910.10.8;amerikai;;kiesett;Bromme;Bromme;Offenhauser
1953.05.30;USA;Travis Webb;F;1910.10.8;amerikai;;kiesett;3L Racing Team;Kurtis;Offenhauser
1953.09.13;Olaszország;Elie Bayol;F;1914.2.28;francia;;motor;OSCA Automobili;Osca;Osca
1952.09.07;Olaszország;Elie Bayol;F;1914.2.28;francia;;sebességváltó;;Osca;Osca
1953.08.23;Svájc;Elie Bayol;F;1914.2.28;francia;;nem rajtolt el;;Osca;Osca
1954.01.17;Argentína;Elie Bayol;F;1914.2.28;francia;5;;Equipe Gordini;Gordini;Gordini
1956.05.13;Monaco;Elie Bayol;F;1914.2.28;francia;6;;Equipe Gordini;Gordini;Gordini
1953.07.05;Franciaország;Elie Bayol;F;1914.2.28;francia;;motor;OSCA Automobili;Osca;Osca
1955.05.22;Monaco;Elie Bayol;F;1914.2.28;francia;;sebességváltó;Equipe Gordini;Gordini;Gordini
1955.01.16;Argentína;Elie Bayol;F;1914.2.28;francia;;futómû;Equipe Gordini;Gordini;Gordini
1952.08.03;Németország;Willi Heeks;F;1922.2.13;német;;kiesett;;AFM;BMW
1953.08.02;Németország;Willi Heeks;F;1922.2.13;német;;kiesett;;Veritas;Veritas
1958.05.18;Monaco;Luigi Taramazzo;F;1932.1.1;olasz;;kizárták;Ken Kavanagh;Maserati;Maserati
1955.05.30;USA;Cal Niday;F;1916.4.29;amerikai;;karambol;Kurtis Kraft;Kurtis;Offenhauser
1954.05.31;USA;Cal Niday;F;1916.4.29;amerikai;10;;Stevens;Stevens;Offenhauser
1953.05.30;USA;Cal Niday;F;1916.4.29;amerikai;;gyújtás;Murrell Belanger;Kurtis;Offenhauser
;;Francois Cevert;F;1944.2.25;francia;;;;;
;;Nico Rosberg;F;1985.6.27;német;;;;;
1953.07.18;Nagy-Britannia;Onofre Marimon;F;1923.12.19;argentín;;motor;Officine Alfieri Maserati;Maserati;Maserati
1954.01.17;Argentína;Onofre Marimon;F;1923.12.19;argentín;;motor;Officine Alfieri Maserati;Maserati;Maserati
1953.07.05;Franciaország;Onofre Marimon;F;1923.12.19;argentín;9;;Officine Alfieri Maserati;Maserati;Maserati
1951.07.01;Franciaország;Onofre Marimon;F;1923.12.19;argentín;;motor;Scuderia Milano;Maserati;Milano
1954.08.01;Németország;Onofre Marimon;F;1923.12.19;argentín;;karambol;Officine Alfieri Maserati;Maserati;Maserati
1953.09.13;Olaszország;Onofre Marimon;F;1923.12.19;argentín;;karambol;Officine Alfieri Maserati;Maserati;Maserati
1953.08.23;Svájc;Onofre Marimon;F;1923.12.19;argentín;;olajfolyás;Officine Alfieri Maserati;Maserati;Maserati
1953.08.02;Németország;Onofre Marimon;F;1923.12.19;argentín;;kiállás;Officine Alfieri Maserati;Maserati;Maserati
1954.06.20;Belgium;Onofre Marimon;F;1923.12.19;argentín;;motor;Officine Alfieri Maserati;Maserati;Maserati
1953.06.21;Belgium;Onofre Marimon;F;1923.12.19;argentín;3;;Officine Alfieri Maserati;Maserati;Maserati
1954.07.17;Nagy-Britannia;Onofre Marimon;F;1923.12.19;argentín;3;;Officine Alfieri Maserati;Maserati;Maserati
1954.07.04;Franciaország;Onofre Marimon;F;1923.12.19;argentín;;sebességváltó;Officine Alfieri Maserati;Maserati;Maserati
;;Justin Wilson;F;1978.7.31;brit;;;;;
;;Roberto Moreno;F;1959.2.11;brazil;;;;;
1951.05.30;USA;Carl Forberg;F;1911.3.4;amerikai;7;;Louis Rassey;Kurtis;Offenhauser
1953.07.18;Nagy-Britannia;Harry Schell;F;1921.6.29;amerikai;;elektronikus;Equipe Gordini;Gordini;Gordini
1955.09.11;Olaszország;Harry Schell;F;1921.6.29;amerikai;;nem azonosított;Vandervell Products Ltd;Vanwall;Vanwall
1955.07.16;Nagy-Britannia;Harry Schell;F;1921.6.29;amerikai;;gázadagoló;Vandervell Products Ltd;Vanwall;Vanwall
1955.01.16;Argentína;Harry Schell;F;1921.6.29;amerikai;;kiesett;Officine Alfieri Maserati;Maserati;Maserati
1956.07.14;Nagy-Britannia;Harry Schell;F;1921.6.29;amerikai;;benzinfolyás;Vandervell Products Ltd;Vanwall;Vanwall
1959.07.18;Nagy-Britannia;Harry Schell;F;1921.6.29;amerikai;4;;Owen Racing Organisation;BRM;BRM
1956.05.13;Monaco;Harry Schell;F;1921.6.29;amerikai;;karambol;Vandervell Products Ltd;Vanwall;Vanwall
1957.05.19;Monaco;Harry Schell;F;1921.6.29;amerikai;;kiállás;Officine Alfieri Maserati;Maserati;Maserati
1953.09.13;Olaszország;Harry Schell;F;1921.6.29;amerikai;9;;Equipe Gordini;Gordini;Gordini
1954.01.17;Argentína;Harry Schell;F;1921.6.29;amerikai;6;;;Maserati;Maserati
1959.09.13;Olaszország;Harry Schell;F;1921.6.29;amerikai;7;;Owen Racing Organisation;BRM;BRM
1952.07.06;Franciaország;Harry Schell;F;1921.6.29;amerikai;;sebességváltó;Enrico Plate;Maserati;Plate
1960.02.07;Argentína;Harry Schell;F;1921.6.29;amerikai;;benzinpumpa;Ecurie Bleue;Cooper;Climax
1956.08.05;Németország;Harry Schell;F;1921.6.29;amerikai;;túlhajtás;Scuderia Centro Sud;Maserati;Maserati
1955.01.16;Argentína;Harry Schell;F;1921.6.29;amerikai;6;;Officine Alfieri Maserati;Maserati;Maserati
1953.08.02;Németország;Harry Schell;F;1921.6.29;amerikai;;motor;Equipe Gordini;Gordini;Gordini
1955.06.05;Belgium;Harry Schell;F;1921.6.29;amerikai;;nem rajtolt el;Scuderia Ferrari;Ferrari;Ferrari
1954.10.24;Spanyolország;Harry Schell;F;1921.6.29;amerikai;;sebességváltó;;Maserati;Maserati
1954.07.04;Franciaország;Harry Schell;F;1921.6.29;amerikai;;benzinpumpa;;Maserati;Maserati
1952.07.19;Nagy-Britannia;Harry Schell;F;1921.6.29;amerikai;17;;Enrico Plate;Maserati;Plate
1953.06.21;Belgium;Harry Schell;F;1921.6.29;amerikai;7;;Equipe Gordini;Gordini;Gordini
1956.09.02;Olaszország;Harry Schell;F;1921.6.29;amerikai;;futómû;Vandervell Products Ltd;Vanwall;Vanwall
1959.12.12;USA;Harry Schell;F;1921.6.29;amerikai;;kuplung;Ecurie Bleue;Cooper;Climax
1957.01.13;Argentína;Harry Schell;F;1921.6.29;amerikai;4;;Scuderia Centro Sud;Maserati;Maserati
1959.08.23;Portugália;Harry Schell;F;1921.6.29;amerikai;5;;Owen Racing Organisation;BRM;BRM
1954.08.01;Németország;Harry Schell;F;1921.6.29;amerikai;7;;;Maserati;Maserati
1956.07.01;Franciaország;Harry Schell;F;1921.6.29;amerikai;10;;Vandervell Products Ltd;Vanwall;Vanwall
1955.05.22;Monaco;Harry Schell;F;1921.6.29;amerikai;;motor;Scuderia Ferrari;Ferrari;Ferrari
1953.01.18;Argentína;Harry Schell;F;1921.6.29;amerikai;7;;Equipe Gordini;Gordini;Gordini
1952.07.06;Franciaország;Harry Schell;F;1921.6.29;amerikai;;kiesett;Enrico Plate;Maserati;Plate
1959.08.02;Németország;Harry Schell;F;1921.6.29;amerikai;7;;Owen Racing Organisation;BRM;BRM
1959.05.31;Hollandia;Harry Schell;F;1921.6.29;amerikai;;motor;Owen Racing Organisation;BRM;BRM
1954.08.22;Svájc;Harry Schell;F;1921.6.29;amerikai;;olajpumpa;Officine Alfieri Maserati;Maserati;Maserati
1957.05.19;Monaco;Harry Schell;F;1921.6.29;amerikai;;kiesett;Officine Alfieri Maserati;Maserati;Maserati
1959.07.05;Franciaország;Harry Schell;F;1921.6.29;amerikai;7;;Owen Racing Organisation;BRM;BRM
1956.06.03;Belgium;Harry Schell;F;1921.6.29;amerikai;4;;Vandervell Products Ltd;Vanwall;Vanwall
1953.07.05;Franciaország;Harry Schell;F;1921.6.29;amerikai;;motor;Equipe Gordini;Gordini;Gordini
1955.01.16;Argentína;Harry Schell;F;1921.6.29;amerikai;7;;Officine Alfieri Maserati;Maserati;Maserati
1956.07.01;Franciaország;Harry Schell;F;1921.6.29;amerikai;;motor;Vandervell Products Ltd;Vanwall;Vanwall
1953.06.07;Hollandia;Harry Schell;F;1921.6.29;amerikai;;futómû;Equipe Gordini;Gordini;Gordini
1955.07.16;Nagy-Britannia;Harry Schell;F;1921.6.29;amerikai;9;;Vandervell Products Ltd;Vanwall;Vanwall
1954.07.17;Nagy-Britannia;Harry Schell;F;1921.6.29;amerikai;12;;;Maserati;Maserati
1957.07.20;Nagy-Britannia;Harry Schell;F;1921.6.29;amerikai;;vízpumpa;Officine Alfieri Maserati;Maserati;Maserati
1958.01.19;Argentína;Harry Schell;F;1921.6.29;amerikai;6;;Joakim Bonnier Racing Team;Maserati;Maserati
1950.05.21;Monaco;Harry Schell;F;1921.6.29;amerikai;;karambol;Horschell Racing Corporation;Cooper;JAP
1957.09.08;Olaszország;Harry Schell;F;1921.6.29;amerikai;5;;Officine Alfieri Maserati;Maserati;Maserati
1958.07.06;Franciaország;Harry Schell;F;1921.6.29;amerikai;;túlhajtás;Owen Racing Organisation;BRM;BRM
1951.05.27;Svájc;Harry Schell;F;1921.6.29;amerikai;12;;Enrico Plate;Maserati;Maserati
1958.06.15;Belgium;Harry Schell;F;1921.6.29;amerikai;5;;Owen Racing Organisation;BRM;BRM
1958.08.24;Portugália;Harry Schell;F;1921.6.29;amerikai;6;;Owen Racing Organisation;BRM;BRM
1957.08.18;Olaszország;Harry Schell;F;1921.6.29;amerikai;3;;Officine Alfieri Maserati;Maserati;Maserati
1957.09.08;Olaszország;Harry Schell;F;1921.6.29;amerikai;;olajfolyás;Officine Alfieri Maserati;Maserati;Maserati
1958.10.19;Marokkó;Harry Schell;F;1921.6.29;amerikai;5;;Owen Racing Organisation;BRM;BRM
1957.08.04;Németország;Harry Schell;F;1921.6.29;amerikai;7;;Officine Alfieri Maserati;Maserati;Maserati
1950.06.04;Svájc;Harry Schell;F;1921.6.29;amerikai;8;;Ecurie Bleue;Talbot-Lago;Talbot
1958.07.19;Nagy-Britannia;Harry Schell;F;1921.6.29;amerikai;5;;Owen Racing Organisation;BRM;BRM
1952.05.18;Svájc;Harry Schell;F;1921.6.29;amerikai;;motor;Enrico Plate;Maserati;Plate
1958.08.03;Németország;Harry Schell;F;1921.6.29;amerikai;;törés;Owen Racing Organisation;BRM;BRM
1957.07.07;Franciaország;Harry Schell;F;1921.6.29;amerikai;6;;Officine Alfieri Maserati;Maserati;Maserati
1958.05.18;Monaco;Harry Schell;F;1921.6.29;amerikai;5;;Owen Racing Organisation;BRM;BRM
1959.05.10;Monaco;Harry Schell;F;1921.6.29;amerikai;;benzintank;Owen Racing Organisation;BRM;BRM
1951.07.01;Franciaország;Harry Schell;F;1921.6.29;amerikai;;túlhajtás;Enrico Plate;Maserati;Maserati
1958.05.26;Hollandia;Harry Schell;F;1921.6.29;amerikai;2;;Owen Racing Organisation;BRM;BRM
1958.09.07;Olaszország;Harry Schell;F;1921.6.29;amerikai;;karambol;Owen Racing Organisation;BRM;BRM
;;Clive Puzey;F;1941.7.11;rodéziai;;;;;
1953.08.23;Svájc;Max de Terra;F;1918.10.6;svájci;8;;Ecurie Espadon;Ferrari;Ferrari
1952.05.18;Svájc;Max de Terra;F;1918.10.6;svájci;;gyújtás;Alfred Dattner;Simca-Gordini;Gordini
;;Jo Schlesser;F;1928.5.18;francia;;;;;
;;Gregor Foitek;F;1965.3.27;svájci;;;;;
;;Yuji Ide;F;1975.1.21;japán;;;;;
;;Wilson Fittipaldi;F;1943.12.25;brazil;;;;;
1954.08.01;Németország;Hermann Lang;F;1909.4.6;német;;kicsúszás;Daimler Benz AG;Mercedes;Mercedes
1953.08.23;Svájc;Hermann Lang;F;1909.4.6;német;5;;Officine Alfieri Maserati;Maserati;Maserati
;;Christiano Da Matta;F;1973.9.19;brazil;;;;;
;;Chris Irwin;F;1942.6.27;brit;;;;;
1954.07.17;Nagy-Britannia;Luigi Villoresi;F;1909.5.16;olasz;;kiesett;Officine Alfieri Maserati;Maserati;Maserati
1951.07.01;Franciaország;Luigi Villoresi;F;1909.5.16;olasz;3;;Scuderia Ferrari;Ferrari;Ferrari
1951.06.17;Belgium;Luigi Villoresi;F;1909.5.16;olasz;3;;Scuderia Ferrari;Ferrari;Ferrari
1956.08.05;Németország;Luigi Villoresi;F;1909.5.16;olasz;;motor;Luigi Piotti;Maserati;Maserati
1951.10.28;Spanyolország;Luigi Villoresi;F;1909.5.16;olasz;;gyújtás;Scuderia Ferrari;Ferrari;Ferrari
1953.07.18;Nagy-Britannia;Luigi Villoresi;F;1909.5.16;olasz;;sebességváltó;Scuderia Ferrari;Ferrari;Ferrari
1950.06.04;Svájc;Luigi Villoresi;F;1909.5.16;olasz;;motor;Scuderia Ferrari;Ferrari;Ferrari
1954.07.04;Franciaország;Luigi Villoresi;F;1909.5.16;olasz;5;;Officine Alfieri Maserati;Maserati;Maserati
1950.05.21;Monaco;Luigi Villoresi;F;1909.5.16;olasz;;sebességváltó;Scuderia Ferrari;Ferrari;Ferrari
1956.09.02;Olaszország;Luigi Villoresi;F;1909.5.16;olasz;;kiesett;Officine Alfieri Maserati;Maserati;Maserati
1952.08.17;Hollandia;Luigi Villoresi;F;1909.5.16;olasz;3;;Scuderia Ferrari;Ferrari;Ferrari
1950.06.18;Belgium;Luigi Villoresi;F;1909.5.16;olasz;6;;Scuderia Ferrari;Ferrari;Ferrari
1953.08.02;Németország;Luigi Villoresi;F;1909.5.16;olasz;;kiesett;Scuderia Ferrari;Ferrari;Ferrari
1956.06.03;Belgium;Luigi Villoresi;F;1909.5.16;olasz;5;;Scuderia Centro Sud;Maserati;Maserati
1953.08.23;Svájc;Luigi Villoresi;F;1909.5.16;olasz;6;;Scuderia Ferrari;Ferrari;Ferrari
1953.06.21;Belgium;Luigi Villoresi;F;1909.5.16;olasz;2;;Scuderia Ferrari;Ferrari;Ferrari
1951.05.27;Svájc;Luigi Villoresi;F;1909.5.16;olasz;;karambol;Scuderia Ferrari;Ferrari;Ferrari
1951.07.14;Nagy-Britannia;Luigi Villoresi;F;1909.5.16;olasz;3;;Scuderia Ferrari;Ferrari;Ferrari
1955.09.11;Olaszország;Luigi Villoresi;F;1909.5.16;olasz;;gumi;Scuderia Ferrari;Ferrari;Ferrari
1953.01.18;Argentína;Luigi Villoresi;F;1909.5.16;olasz;2;;Scuderia Ferrari;Ferrari;Ferrari
1953.07.05;Franciaország;Luigi Villoresi;F;1909.5.16;olasz;6;;Scuderia Ferrari;Ferrari;Ferrari
1952.09.07;Olaszország;Luigi Villoresi;F;1909.5.16;olasz;3;;Scuderia Ferrari;Ferrari;Ferrari
1956.07.14;Nagy-Britannia;Luigi Villoresi;F;1909.5.16;olasz;6;;Luigi Piotti;Maserati;Maserati
1951.07.29;Németország;Luigi Villoresi;F;1909.5.16;olasz;4;;Scuderia Ferrari;Ferrari;Ferrari
1951.09.16;Olaszország;Luigi Villoresi;F;1909.5.16;olasz;4;;Scuderia Ferrari;Ferrari;Ferrari
1953.09.13;Olaszország;Luigi Villoresi;F;1909.5.16;olasz;3;;Scuderia Ferrari;Ferrari;Ferrari
1953.08.02;Németország;Luigi Villoresi;F;1909.5.16;olasz;8;;Scuderia Ferrari;Ferrari;Ferrari
1953.06.07;Hollandia;Luigi Villoresi;F;1909.5.16;olasz;;gázadagoló;Scuderia Ferrari;Ferrari;Ferrari
1956.07.01;Franciaország;Luigi Villoresi;F;1909.5.16;olasz;;törés;Luigi Piotti;Maserati;Maserati
1955.01.16;Argentína;Luigi Villoresi;F;1909.5.16;olasz;;benzinfolyás;Scuderia Lancia;Lancia;Lancia
1955.01.16;Argentína;Luigi Villoresi;F;1909.5.16;olasz;;kiesett;Scuderia Lancia;Lancia;Lancia
1954.10.24;Spanyolország;Luigi Villoresi;F;1909.5.16;olasz;;törés;Scuderia Lancia;Lancia;Lancia
1954.09.05;Olaszország;Luigi Villoresi;F;1909.5.16;olasz;;kuplung;Officine Alfieri Maserati;Maserati;Maserati
1954.08.01;Németország;Luigi Villoresi;F;1909.5.16;olasz;;visszalépés;Officine Alfieri Maserati;Maserati;Maserati
1955.05.22;Monaco;Luigi Villoresi;F;1909.5.16;olasz;5;;Scuderia Lancia;Lancia;Lancia
;;Johnny Herbert;F;1964.6.25;brit;;;;;
1954.01.17;Argentína;Jorge Daponte;F;1923.6.5;argentín;;sebességváltó;;Maserati;Maserati
1954.09.05;Olaszország;Jorge Daponte;F;1923.6.5;argentín;11;;;Maserati;Maserati
;;Zsolt Baumgartner;F;1981.1.1;magyar;;;;;
;;Paolo Barilla;F;1961.4.20;olasz;;;;;
;;Chris Amon;F;1943.7.20;új-zélandi;;;;;
;;Rupert Keegan;F;1955.2.28;brit;;;;;
;;Alberto Colombo;F;1946.2.23;olasz;;;;;
;;Jean Max;F;1943.7.27;francia;;;;;
1958.05.30;USA;Jud Larson;F;1923.1.21;amerikai;8;;Watson;Watson;Offenhauser
1959.05.30;USA;Jud Larson;F;1923.1.21;amerikai;;karambol;Leader Cards Inc;Kurtis;Offenhauser
1952.07.19;Nagy-Britannia;Tony Crook;F;1920.2.16;brit;21;;;Frazer-Nash;BMW
1953.07.18;Nagy-Britannia;Tony Crook;F;1920.2.16;brit;;benzinbefecskendezõ;;Cooper;Bristol
1959.05.30;USA;Eddie Johnson;F;1919.2.10;amerikai;8;;Leader Cards Inc;Kurtis;Offenhauser
1953.05.30;USA;Eddie Johnson;F;1919.2.10;amerikai;7;;Ernest Ruiz;Kurtis;Offenhauser
1954.05.31;USA;Eddie Johnson;F;1919.2.10;amerikai;;kiesett;Pawl;Pawl;Offenhauser
1958.05.30;USA;Eddie Johnson;F;1919.2.10;amerikai;9;;Kurtis Kraft;Kurtis;Offenhauser
1952.05.30;USA;Eddie Johnson;F;1919.2.10;amerikai;16;;Pete Salemi;Trevis;Offenhauser
1960.05.30;USA;Eddie Johnson;F;1919.2.10;amerikai;6;;Trevis;Trevis;Offenhauser
1957.05.30;USA;Eddie Johnson;F;1919.2.10;amerikai;;kerék;Kurtis Kraft;Kurtis;Offenhauser
1955.05.30;USA;Eddie Johnson;F;1919.2.10;amerikai;13;;Trevis;Trevis;Offenhauser
1956.05.30;USA;Eddie Johnson;F;1919.2.10;amerikai;15;;Kuzma;Kuzma;Offenhauser
1952.08.03;Németország;Josef Peters;F;1914.9.16;német;;kiesett;;Veritas;BMW
;;Tony Trimmer;F;1943.1.24;brit;;;;;
1960.06.06;Hollandia;Richie Ginther;F;1930.8.5;amerikai;6;;Scuderia Ferrari;Ferrari;Ferrari
1960.05.29;Monaco;Richie Ginther;F;1930.8.5;amerikai;6;;Scuderia Ferrari;Ferrari;Ferrari
1960.07.03;Franciaország;Richie Ginther;F;1930.8.5;amerikai;;motor;Reventlow Automobiles Inc;Scarab;Scarab
1960.09.04;Olaszország;Richie Ginther;F;1930.8.5;amerikai;2;;Scuderia Ferrari;Ferrari;Ferrari
;;Luiz Bueno;F;1937.1.16;brazil;;;;;
;;Giancarlo Baghetti;F;1934.12.25;olasz;;;;;
;;Elio de Angelis;F;1958.3.26;olasz;;;;;
;;Brian Redman;F;1937.3.9;brit;;;;;
1955.05.22;Monaco;Ted Whiteaway;F;1928.11.1;brit;;kizárták;;HWM;Alta
;;Eddie Keizan;F;1944.9.12;dél-afrikai;;;;;
1954.07.04;Franciaország;Georges Berger;F;1918.9.14;belga;;motor;;Gordini;Gordini
1953.06.21;Belgium;Georges Berger;F;1918.9.14;belga;;motor;;Simca-Gordini;Gordini
;;Franck Montagny;F;1978.1.5;francia;;;;;
;;Hideki Noda;F;1968.3.7;japán;;;;;
1959.12.12;USA;Harry Blanchard;F;1931.6.30;amerikai;7;;Blanchard Automobiles;Porsche;Porsche
1960.11.20;USA;Jim Hall;F;1935.7.23;amerikai;7;;;Lotus;Climax
;;Mike Spence;F;1936.12.30;brit;;;;;
1958.08.03;Németország;Cliff Allison;F;1932.2.8;brit;10;;Team Lotus;Lotus;Climax
1958.05.18;Monaco;Cliff Allison;F;1932.2.8;brit;6;;Team Lotus;Lotus;Climax
1960.02.07;Argentína;Cliff Allison;F;1932.2.8;brit;2;;Scuderia Ferrari;Ferrari;Ferrari
1959.09.13;Olaszország;Cliff Allison;F;1932.2.8;brit;5;;Scuderia Ferrari;Ferrari;Ferrari
1959.05.10;Monaco;Cliff Allison;F;1932.2.8;brit;;karambol;Scuderia Ferrari;Ferrari;Ferrari
1959.08.02;Németország;Cliff Allison;F;1932.2.8;brit;;kuplung;Scuderia Ferrari;Ferrari;Ferrari
1958.07.06;Franciaország;Cliff Allison;F;1932.2.8;brit;;motor;Team Lotus;Lotus;Climax
1960.05.29;Monaco;Cliff Allison;F;1932.2.8;brit;;karambol;Scuderia Ferrari;Ferrari;Ferrari
1958.06.15;Belgium;Cliff Allison;F;1932.2.8;brit;4;;Team Lotus;Lotus;Climax
1958.05.26;Hollandia;Cliff Allison;F;1932.2.8;brit;6;;Team Lotus;Lotus;Climax
1958.10.19;Marokkó;Cliff Allison;F;1932.2.8;brit;10;;Team Lotus;Lotus;Climax
1958.08.24;Portugália;Cliff Allison;F;1932.2.8;brit;;karambol;Team Lotus;Lotus;Climax
1959.05.31;Hollandia;Cliff Allison;F;1932.2.8;brit;9;;Scuderia Ferrari;Ferrari;Ferrari
1959.12.12;USA;Cliff Allison;F;1932.2.8;brit;;kuplung;Scuderia Ferrari;Ferrari;Ferrari
1958.07.19;Nagy-Britannia;Cliff Allison;F;1932.2.8;brit;;motor;Team Lotus;Lotus;Climax
1958.09.07;Olaszország;Cliff Allison;F;1932.2.8;brit;7;;Team Lotus;Lotus;Climax
1959.05.30;USA;Jim McWithey;F;1927.7.4;amerikai;16;;Leader Cards Inc;Kurtis;Offenhauser
1960.05.30;USA;Jim McWithey;F;1927.7.4;amerikai;;törés;Epperly;Epperly;Offenhauser
;;Massimiliano Papis;F;1969.10.3;olasz;;;;;
1960.07.03;Franciaország;Lucien Bianchi;F;1934.11.10;belga;;futómû;Fred Tuck Cars;Cooper;Climax
1959.05.10;Monaco;Lucien Bianchi;F;1934.11.10;belga;;kizárták;Equipe Nationale Belge;Cooper;Climax
1960.07.16;Nagy-Britannia;Lucien Bianchi;F;1934.11.10;belga;;gyújtás;Fred Tuck Cars;Cooper;Climax
1960.06.19;Belgium;Lucien Bianchi;F;1934.11.10;belga;6;;Equipe Nationale Belge;Cooper;Climax
;;Tony Shelly;F;1937.2.2;új-zélandi;;;;;
;;Ernesto Viso;F;1985.3.19;venezuelai;;;;;
;;Francois Hesnault;F;1956.12.30;francia;;;;;
;;Harald Ertl;F;1948.8.31;osztrák;;;;;
1955.09.11;Olaszország;Jacques Pollet;F;1932.7.2;francia;;motor;Equipe Gordini;Gordini;Gordini
1955.05.22;Monaco;Jacques Pollet;F;1932.7.2;francia;7;;Equipe Gordini;Gordini;Gordini
1954.10.24;Spanyolország;Jacques Pollet;F;1932.7.2;francia;;motor;Equipe Gordini;Gordini;Gordini
1954.07.04;Franciaország;Jacques Pollet;F;1932.7.2;francia;;motor;Equipe Gordini;Gordini;Gordini
1955.06.19;Hollandia;Jacques Pollet;F;1932.7.2;francia;10;;Equipe Gordini;Gordini;Gordini
1951.09.16;Olaszország;Jacques Swaters;F;1926.10.30;belga;;túlhajtás;Ecurie Belgique;Talbot-Lago;Talbot
1954.10.24;Spanyolország;Jacques Swaters;F;1926.10.30;belga;;motor;Ecurie Francorchamps;Ferrari;Ferrari
1954.08.22;Svájc;Jacques Swaters;F;1926.10.30;belga;8;;Ecurie Francorchamps;Ferrari;Ferrari
1953.08.02;Németország;Jacques Swaters;F;1926.10.30;belga;7;;Ecurie Francorchamps;Ferrari;Ferrari
1953.08.23;Svájc;Jacques Swaters;F;1926.10.30;belga;;karambol;Ecurie Francorchamps;Ferrari;Ferrari
1954.06.20;Belgium;Jacques Swaters;F;1926.10.30;belga;;motor;Ecurie Francorchamps;Ferrari;Ferrari
1951.07.29;Németország;Jacques Swaters;F;1926.10.30;belga;10;;Ecurie Belgique;Talbot-Lago;Talbot
;;Tarso Marques;F;1976.1.19;brazil;;;;;
;;Ian Raby;F;1921.9.22;brit;;;;;
1955.01.16;Argentína;Umberto Maglioli;F;1928.6.5;olasz;3;;Scuderia Ferrari;Ferrari;Ferrari
1955.09.11;Olaszország;Umberto Maglioli;F;1928.6.5;olasz;6;;Scuderia Ferrari;Ferrari;Ferrari
1954.09.05;Olaszország;Umberto Maglioli;F;1928.6.5;olasz;3;;Scuderia Ferrari;Ferrari;Ferrari
1953.09.13;Olaszország;Umberto Maglioli;F;1928.6.5;olasz;8;;Scuderia Ferrari;Ferrari;Ferrari
1954.01.17;Argentína;Umberto Maglioli;F;1928.6.5;olasz;9;;Scuderia Ferrari;Ferrari;Ferrari
1956.07.14;Nagy-Britannia;Umberto Maglioli;F;1928.6.5;olasz;;sebességváltó;Scuderia Guastalla;Maserati;Maserati
1954.08.22;Svájc;Umberto Maglioli;F;1928.6.5;olasz;7;;Scuderia Ferrari;Ferrari;Ferrari
1957.08.04;Németország;Umberto Maglioli;F;1928.6.5;olasz;;motor;Dr Ing Porsche KG;Porsche;Porsche
1956.08.05;Németország;Umberto Maglioli;F;1928.6.5;olasz;;kormány;Officine Alfieri Maserati;Maserati;Maserati
1956.09.02;Olaszország;Umberto Maglioli;F;1928.6.5;olasz;;kiesett;Scuderia Guastalla;Maserati;Maserati
;;John Campbell-Jones;F;1930.1.21;brit;;;;;
1951.05.30;USA;Walt Brown;F;1911.12.30;amerikai;;gyújtás;Federal Engineering;Kurtis;Offenhauser
1950.05.30;USA;Walt Brown;F;1911.12.30;amerikai;19;;Charles Pritchard;Kurtis;Offenhauser
;;Kimi Raikkonen;F;1979.10.17;finn;;;;;
;;Adrian Campos;F;1960.6.17;spanyol;;;;;
;;Ralph Firman;F;1975.5.20;brit;;;;;
;;Tiago Monteiro;F;1976.7.24;portugál;;;;;
1950.07.02;Franciaország;Pierre Levegh;F;1905.12.22;francia;;motor;;Talbot-Lago;Talbot
1951.07.29;Németország;Pierre Levegh;F;1905.12.22;francia;9;;;Talbot-Lago;Talbot
1950.06.18;Belgium;Pierre Levegh;F;1905.12.22;francia;7;;;Talbot-Lago;Talbot
1951.06.17;Belgium;Pierre Levegh;F;1905.12.22;francia;8;;;Talbot-Lago;Talbot
1950.09.03;Olaszország;Pierre Levegh;F;1905.12.22;francia;;kiesett;;Talbot-Lago;Talbot
1951.09.16;Olaszország;Pierre Levegh;F;1905.12.22;francia;;motor;;Talbot-Lago;Talbot
1958.10.19;Marokkó;Wolfgang Seidel;F;1926.7.4;német;;karambol;Officine Alfieri Maserati;Maserati;Maserati
1958.08.03;Németország;Wolfgang Seidel;F;1926.7.4;német;;kiállás;Rob Walker Racing Team;Cooper;Climax
1953.08.02;Németország;Wolfgang Seidel;F;1926.7.4;német;16;;;Veritas;Veritas
1960.09.04;Olaszország;Wolfgang Seidel;F;1926.7.4;német;9;;;Cooper;Climax
1958.06.15;Belgium;Wolfgang Seidel;F;1926.7.4;német;;motor;Scuderia Centro Sud;Maserati;Maserati
1957.05.30;USA;Ed Elisian;F;1926.12.9;amerikai;;kiesett;Kurtis Kraft;Kurtis;Offenhauser
1955.05.30;USA;Ed Elisian;F;1926.12.9;amerikai;;kiesett;Kurtis Kraft;Kurtis;Offenhauser
1958.05.30;USA;Ed Elisian;F;1926.12.9;amerikai;;karambol;Watson;Watson;Offenhauser
1954.05.31;USA;Ed Elisian;F;1926.12.9;amerikai;18;;Stevens;Stevens;Offenhauser
1956.05.30;USA;Ed Elisian;F;1926.12.9;amerikai;;kiesett;Kurtis Kraft;Kurtis;Offenhauser
;;Mario Andretti;F;1940.2.28;amerikai;;;;;
1952.09.07;Olaszország;Gino Bianco;F;1916.7.22;brazil;;motor;Escuderia Bandeirantes;Maserati;Maserati
1952.08.03;Németország;Gino Bianco;F;1916.7.22;brazil;;kiesett;Escuderia Bandeirantes;Maserati;Maserati
1952.08.17;Hollandia;Gino Bianco;F;1916.7.22;brazil;;sebességváltó;Escuderia Bandeirantes;Maserati;Maserati
1952.07.19;Nagy-Britannia;Gino Bianco;F;1916.7.22;brazil;18;;Escuderia Bandeirantes;Maserati;Maserati
;;Nanni Galli;F;1940.10.2;olasz;;;;;
1953.06.07;Hollandia;Roberto Mieres;F;1924.12.3;argentín;;futómû;Equipe Gordini;Gordini;Gordini
1955.01.16;Argentína;Roberto Mieres;F;1924.12.3;argentín;5;;Officine Alfieri Maserati;Maserati;Maserati
1954.07.17;Nagy-Britannia;Roberto Mieres;F;1924.12.3;argentín;6;;;Maserati;Maserati
1954.08.01;Németország;Roberto Mieres;F;1924.12.3;argentín;;benzinfolyás;;Maserati;Maserati
1954.10.24;Spanyolország;Roberto Mieres;F;1924.12.3;argentín;4;;Officine Alfieri Maserati;Maserati;Maserati
1954.01.17;Argentína;Roberto Mieres;F;1924.12.3;argentín;;olajfolyás;Officine Alfieri Maserati;Maserati;Maserati
1953.07.05;Franciaország;Roberto Mieres;F;1924.12.3;argentín;;sebességváltó;Equipe Gordini;Gordini;Gordini
1954.08.22;Svájc;Roberto Mieres;F;1924.12.3;argentín;4;;Officine Alfieri Maserati;Maserati;Maserati
1955.05.22;Monaco;Roberto Mieres;F;1924.12.3;argentín;;sebességváltó;Officine Alfieri Maserati;Maserati;Maserati
1954.07.04;Franciaország;Roberto Mieres;F;1924.12.3;argentín;;motor;;Maserati;Maserati
1954.06.20;Belgium;Roberto Mieres;F;1924.12.3;argentín;;tûz;;Maserati;Maserati
1955.06.05;Belgium;Roberto Mieres;F;1924.12.3;argentín;5;;Officine Alfieri Maserati;Maserati;Maserati
1954.09.05;Olaszország;Roberto Mieres;F;1924.12.3;argentín;;kiállás;Officine Alfieri Maserati;Maserati;Maserati
1953.09.13;Olaszország;Roberto Mieres;F;1924.12.3;argentín;6;;Equipe Gordini;Gordini;Gordini
1955.06.19;Hollandia;Roberto Mieres;F;1924.12.3;argentín;4;;Officine Alfieri Maserati;Maserati;Maserati
1955.07.16;Nagy-Britannia;Roberto Mieres;F;1924.12.3;argentín;;motor;Officine Alfieri Maserati;Maserati;Maserati
1955.09.11;Olaszország;Roberto Mieres;F;1924.12.3;argentín;7;;Officine Alfieri Maserati;Maserati;Maserati
1951.07.14;Nagy-Britannia;Duncan Hamilton;F;1920.4.30;ír;12;;;Talbot-Lago;Talbot
1952.08.17;Hollandia;Duncan Hamilton;F;1920.4.30;ír;7;;HW Motors;HWM;Alta
1952.07.19;Nagy-Britannia;Duncan Hamilton;F;1920.4.30;ír;;motor;HW Motors;HWM;Alta
1953.07.18;Nagy-Britannia;Duncan Hamilton;F;1920.4.30;ír;;kuplung;HW Motors;HWM;Alta
1951.07.29;Németország;Duncan Hamilton;F;1920.4.30;ír;;olajnyomás;;Talbot-Lago;Talbot
;;David Hobbs;F;1939.6.9;brit;;;;;
;;Stefan Johansson;F;1956.9.8;svéd;;;;;
;;Mark Blundell;F;1966.4.8;brit;;;;;
;;Mika Salo;F;1966.11.30;finn;;;;;
;;Martin Brundle;F;1959.6.1;brit;;;;;
;;Allen Berg;F;1961.8.1;kanadai;;;;;
1952.09.07;Olaszország;Dennis Poore;F;1916.8.19;brit;12;;Connaught Engineering;Connaught;Lea
1952.07.19;Nagy-Britannia;Dennis Poore;F;1916.8.19;brit;4;;Connaught Engineering;Connaught;Lea
1959.09.13;Olaszország;Colin Davis;F;1932.7.29;brit;11;;Scuderia Centro Sud;Cooper;Maserati
1959.07.05;Franciaország;Colin Davis;F;1932.7.29;brit;;olajfolyás;Scuderia Centro Sud;Cooper;Maserati
;;Masahiro Hasemi;F;1945.11.13;japán;;;;;
;;Chris Lawrence;F;1933.7.27;brit;;;;;
;;Peter Broeker;F;1929.5.15;kanadai;;;;;
;;Aguri Suzuki;F;1960.9.8;japán;;;;;
;;Robert Doornbos;F;1981.9.23;holland;;;;;
1950.06.18;Belgium;Geoff Crossley;F;1921.5.11;brit;9;;;Alta;Alta
1950.05.13;Nagy-Britannia;Geoff Crossley;F;1921.5.11;brit;;futómû;;Alta;Alta
1955.09.11;Olaszország;Luigi Musso;F;1924.7.28;olasz;;sebességváltó;Officine Alfieri Maserati;Maserati;Maserati
1954.01.17;Argentína;Luigi Musso;F;1924.7.28;olasz;;motor;Officine Alfieri Maserati;Maserati;Maserati
1956.01.22;Argentína;Luigi Musso;F;1924.7.28;olasz;1;;Scuderia Ferrari;Lancia;Lancia
1955.05.22;Monaco;Luigi Musso;F;1924.7.28;olasz;;futómû;Officine Alfieri Maserati;Maserati;Maserati
1953.09.13;Olaszország;Luigi Musso;F;1924.7.28;olasz;7;;Officine Alfieri Maserati;Maserati;Maserati
1958.05.18;Monaco;Luigi Musso;F;1924.7.28;olasz;2;;Scuderia Ferrari;Ferrari;Ferrari
1955.06.19;Hollandia;Luigi Musso;F;1924.7.28;olasz;3;;Officine Alfieri Maserati;Maserati;Maserati
1958.05.26;Hollandia;Luigi Musso;F;1924.7.28;olasz;7;;Scuderia Ferrari;Ferrari;Ferrari
1958.06.15;Belgium;Luigi Musso;F;1924.7.28;olasz;;karambol;Scuderia Ferrari;Ferrari;Ferrari
1954.09.05;Olaszország;Luigi Musso;F;1924.7.28;olasz;;futómû;Officine Alfieri Maserati;Maserati;Maserati
1955.01.16;Argentína;Luigi Musso;F;1924.7.28;olasz;7;;Officine Alfieri Maserati;Maserati;Maserati
1958.07.06;Franciaország;Luigi Musso;F;1924.7.28;olasz;;karambol;Scuderia Ferrari;Ferrari;Ferrari
1955.06.05;Belgium;Luigi Musso;F;1924.7.28;olasz;7;;Officine Alfieri Maserati;Maserati;Maserati
1954.10.24;Spanyolország;Luigi Musso;F;1924.7.28;olasz;2;;Officine Alfieri Maserati;Maserati;Maserati
1956.05.13;Monaco;Luigi Musso;F;1924.7.28;olasz;;karambol;Scuderia Ferrari;Lancia;Lancia
1955.07.16;Nagy-Britannia;Luigi Musso;F;1924.7.28;olasz;5;;Officine Alfieri Maserati;Maserati;Maserati
1955.01.16;Argentína;Luigi Musso;F;1924.7.28;olasz;;kiesett;Officine Alfieri Maserati;Maserati;Maserati
1956.09.02;Olaszország;Luigi Musso;F;1924.7.28;olasz;;kormány;Scuderia Ferrari;Lancia;Lancia
1957.01.13;Argentína;Luigi Musso;F;1924.7.28;olasz;;kuplung;Scuderia Ferrari;Lancia;Lancia
1957.07.20;Nagy-Britannia;Luigi Musso;F;1924.7.28;olasz;2;;Scuderia Ferrari;Lancia;Lancia
1957.08.04;Németország;Luigi Musso;F;1924.7.28;olasz;4;;Scuderia Ferrari;Lancia;Lancia
1957.07.07;Franciaország;Luigi Musso;F;1924.7.28;olasz;2;;Scuderia Ferrari;Lancia;Lancia
1957.09.08;Olaszország;Luigi Musso;F;1924.7.28;olasz;8;;Scuderia Ferrari;Lancia;Lancia
1956.08.05;Németország;Luigi Musso;F;1924.7.28;olasz;;kiesett;Scuderia Ferrari;Lancia;Lancia
1957.08.18;Olaszország;Luigi Musso;F;1924.7.28;olasz;;olajteknõ;Scuderia Ferrari;Lancia;Lancia
1958.01.19;Argentína;Luigi Musso;F;1924.7.28;olasz;2;;Scuderia Ferrari;Ferrari;Ferrari
;;Richard Robarts;F;1944.9.22;brit;;;;;
;;Vincenzo Sospiri;F;1966.10.9;olasz;;;;;
;;Jan Lammers;F;1956.6.2;holland;;;;;
;;Leo Kinnunen;F;1943.8.5;finn;;;;;
;;Yannick Dalmas;F;1961.7.28;francia;;;;;
1951.07.14;Nagy-Britannia;Philip Fotheringham-Parker;F;1907.9.22;brit;;olajfolyás;;Maserati;Maserati
1959.05.30;USA;Johnny Boyd;F;1926.8.19;amerikai;6;;Epperly;Epperly;Offenhauser
1956.05.30;USA;Johnny Boyd;F;1926.8.19;amerikai;;olajfolyás;Kurtis Kraft;Kurtis;Offenhauser
1957.05.30;USA;Johnny Boyd;F;1926.8.19;amerikai;6;;Kurtis Kraft;Kurtis;Offenhauser
1960.05.30;USA;Johnny Boyd;F;1926.8.19;amerikai;;motor;Epperly;Epperly;Offenhauser
1958.05.30;USA;Johnny Boyd;F;1926.8.19;amerikai;3;;Kurtis Kraft;Kurtis;Offenhauser
1955.05.30;USA;Johnny Boyd;F;1926.8.19;amerikai;;karambol;Kurtis Kraft;Kurtis;Offenhauser
1952.08.03;Németország;Helmut Niedermayr;F;1915.11.29;német;9;;;AFM;BMW
1955.05.22;Monaco;Cesare Perdisa;F;1932.10.21;olasz;;kiesett;Officine Alfieri Maserati;Maserati;Maserati
1956.07.01;Franciaország;Cesare Perdisa;F;1932.10.21;olasz;5;;Officine Alfieri Maserati;Maserati;Maserati
1956.05.13;Monaco;Cesare Perdisa;F;1932.10.21;olasz;7;;Officine Alfieri Maserati;Maserati;Maserati
1957.01.13;Argentína;Cesare Perdisa;F;1932.10.21;olasz;6;;Scuderia Ferrari;Lancia;Lancia
1956.07.14;Nagy-Britannia;Cesare Perdisa;F;1932.10.21;olasz;7;;Officine Alfieri Maserati;Maserati;Maserati
1956.08.05;Németország;Cesare Perdisa;F;1932.10.21;olasz;;karambol;Officine Alfieri Maserati;Maserati;Maserati
1955.06.05;Belgium;Cesare Perdisa;F;1932.10.21;olasz;8;;Officine Alfieri Maserati;Maserati;Maserati
1956.06.03;Belgium;Cesare Perdisa;F;1932.10.21;olasz;3;;Officine Alfieri Maserati;Maserati;Maserati
1955.05.22;Monaco;Cesare Perdisa;F;1932.10.21;olasz;3;;Officine Alfieri Maserati;Maserati;Maserati
;;Gaston Mazzacane;F;1975.5.8;argentín;;;;;
;;Frank Gardner;F;1930.10.1;ausztrál;;;;;
;;Luki Botha;F;1930.1.16;dél-afrikai;;;;;
;;Satoru Nakajima;F;1953.2.23;japán;;;;;
;;Bob Anderson;F;1931.5.19;brit;;;;;
1953.08.02;Németország;Helmut Glockler;F;1909.1.13;német;;motor;Equipe Anglaise;Cooper;Bristol
;;Emerson Fittipaldi;F;1946.12.12;brazil;;;;;
1956.07.14;Nagy-Britannia;Archie Scott-Brown;F;1927.5.13;brit;;kerék;Connaught Engineering;Connaught;Alta
1960.05.29;Monaco;John Surtees;F;1934.2.11;brit;;futómû;Team Lotus;Lotus;Climax
1960.08.14;Portugália;John Surtees;F;1934.2.11;brit;;hûtés;Team Lotus;Lotus;Climax
1960.11.20;USA;John Surtees;F;1934.2.11;brit;;karambol;Team Lotus;Lotus;Climax
1960.07.16;Nagy-Britannia;John Surtees;F;1934.2.11;brit;2;;Team Lotus;Lotus;Climax
1952.07.06;Franciaország;Peter Hirt;F;1910.3.30;svájci;11;;Ecurie Espadon;Ferrari;Ferrari
1951.05.27;Svájc;Peter Hirt;F;1910.3.30;svájci;;benzinpumpa;;Veritas;Veritas
1952.07.19;Nagy-Britannia;Peter Hirt;F;1910.3.30;svájci;;törés;Ecurie Espadon;Ferrari;Ferrari
1952.05.18;Svájc;Peter Hirt;F;1910.3.30;svájci;7;;Ecurie Espadon;Ferrari;Ferrari
1953.08.23;Svájc;Peter Hirt;F;1910.3.30;svájci;;olajfolyás;Ecurie Espadon;Ferrari;Ferrari
1958.08.03;Németország;Troy Ruttman;F;1930.3.11;amerikai;;motor;Scuderia Centro Sud;Maserati;Maserati
1950.05.30;USA;Troy Ruttman;F;1930.3.11;amerikai;15;;Bowes Racing;Lesovsky;Offenhauser
1954.05.31;USA;Troy Ruttman;F;1930.3.11;amerikai;4;;Kurtis Kraft;Kurtis;Offenhauser
1956.05.30;USA;Troy Ruttman;F;1930.3.11;amerikai;;kicsúszás;Kurtis Kraft;Kurtis;Offenhauser
1958.07.06;Franciaország;Troy Ruttman;F;1930.3.11;amerikai;10;;Scuderia Centro Sud;Maserati;Maserati
1952.05.30;USA;Troy Ruttman;F;1930.3.11;amerikai;1;;JC Agajanian;Kuzma;Offenhauser
1957.05.30;USA;Troy Ruttman;F;1930.3.11;amerikai;;motor;Watson;Watson;Offenhauser
1960.05.30;USA;Troy Ruttman;F;1930.3.11;amerikai;;tengely;Watson;Watson;Offenhauser
1951.05.30;USA;Troy Ruttman;F;1930.3.11;amerikai;;motor;JC Agajanian;Kurtis;Offenhauser
1951.07.29;Németország;Antoine Branca;F;1916.9.15;svájci;;motor;;Maserati;Maserati
1950.06.04;Svájc;Antoine Branca;F;1916.9.15;svájci;11;;Scuderia Achille Varzi;Maserati;Maserati
1950.06.18;Belgium;Antoine Branca;F;1916.9.15;svájci;10;;;Maserati;Maserati
;;Patrick Depailler;F;1944.8.9;francia;;;;;
1960.09.04;Olaszország;Vic Wilson;F;1931.4.14;dél-afrikai;;olajteknõ;Equipe Prideaux / Dick Gibson;Cooper;Climax
1959.07.18;Nagy-Britannia;Dennis Taylor;F;1921.6.12;brit;;kizárták;;Lotus;Climax
;;Stephen South;F;1952.2.19;brit;;;;;
;;Vitantonio Liuzzi;F;1981.8.6;olasz;;;;;
;;Sam Tingle;F;1921.8.24;zimbabwei;;;;;
1952.07.19;Nagy-Britannia;Graham Whitehead;F;1922.4.15;brit;12;;;Alta;Alta
1960.09.04;Olaszország;Alfonso Thiele;F;1922.4.5;amerikai;;sebességváltó;Scuderia Centro Sud;Cooper;Maserati
1959.05.10;Monaco;Jean Lucienbonnet;F;1962.8.19;francia;;kizárták;;Cooper;Climax
1954.05.31;USA;Danny Kladis;F;1917.2.10;amerikai;;kiesett;Bromme;Bromme;Offenhauser
;;Loris Kessel;F;1950.4.1;svájci;;;;;
;;Alan Rees;F;1938.1.12;brit;;;;;
;;Philippe Streiff;F;1955.6.26;francia;;;;;
;;Gianni Morbidelli;F;1968.1.13;olasz;;;;;
;;Narain Karthikeyan;F;1977.1.14;indiai;;;;;
1950.05.30;USA;Bill Cantrell;F;1908.1.31;amerikai;;kiesett;Richard Palmer;Adams;Offenhauser
1953.09.13;Olaszország;Hans Stuck;F;1900.12.27;német;14;;Alex Falkenhausen Motorenen;AFM;Bristol
1952.05.18;Svájc;Hans Stuck;F;1900.12.27;német;;motor;Alex Falkenhausen Motorenen;AFM;Kuchen
1951.09.16;Olaszország;Hans Stuck;F;1900.12.27;német;;karambol;Ecurie Espadon;Ferrari;Ferrari
1952.09.07;Olaszország;Hans Stuck;F;1900.12.27;német;;kizárták;Ecurie Espadon;Ferrari;Ferrari
1953.08.02;Németország;Hans Stuck;F;1900.12.27;német;;kiesett;Alex Falkenhausen Motorenen;AFM;Bristol
1957.08.04;Németország;Horace Gould;F;1921.9.20;brit;;nem azonosított;;Maserati;Maserati
1957.07.20;Nagy-Britannia;Horace Gould;F;1921.9.20;brit;;karambol;;Maserati;Maserati
1955.06.19;Hollandia;Horace Gould;F;1921.9.20;brit;;karambol;Gould's Garage (Bristol);Maserati;Maserati
1956.07.14;Nagy-Britannia;Horace Gould;F;1921.9.20;brit;5;;Gould's Garage (Bristol);Maserati;Maserati
1957.08.18;Olaszország;Horace Gould;F;1921.9.20;brit;;karambol;;Maserati;Maserati
1955.07.16;Nagy-Britannia;Horace Gould;F;1921.9.20;brit;;törés;Gould's Garage (Bristol);Maserati;Maserati
1960.09.04;Olaszország;Horace Gould;F;1921.9.20;brit;;üzemanyag;;Maserati;Maserati
1956.08.05;Németország;Horace Gould;F;1921.9.20;brit;;olajnyomás;Gould's Garage (Bristol);Maserati;Maserati
1957.05.19;Monaco;Horace Gould;F;1921.9.20;brit;;karambol;;Maserati;Maserati
1957.07.07;Franciaország;Horace Gould;F;1921.9.20;brit;;sebességváltó;;Maserati;Maserati
1954.07.17;Nagy-Britannia;Horace Gould;F;1921.9.20;brit;15;;Gould's Garage (Bristol);Cooper;Bristol
1958.05.18;Monaco;Horace Gould;F;1921.9.20;brit;;kizárták;Scuderia Centro Sud;Maserati;Maserati
1958.01.19;Argentína;Horace Gould;F;1921.9.20;brit;9;;Horace Gould;Maserati;Maserati
1955.09.11;Olaszország;Horace Gould;F;1921.9.20;brit;;olajteknõ;Officine Alfieri Maserati;Maserati;Maserati
1956.05.13;Monaco;Horace Gould;F;1921.9.20;brit;8;;Gould's Garage (Bristol);Maserati;Maserati
1956.06.03;Belgium;Horace Gould;F;1921.9.20;brit;;sebességváltó;Gould's Garage (Bristol);Maserati;Maserati
1957.09.08;Olaszország;Horace Gould;F;1921.9.20;brit;10;;;Maserati;Maserati
1958.05.26;Hollandia;Horace Gould;F;1921.9.20;brit;;kizárták;Horace Gould;Maserati;Maserati
;;Brian McGuire;F;1945.12.13;ausztrál;;;;;
;;Keke Rosberg;F;1948.12.6;finn;;;;;
1952.08.03;Németország;Marcel Balsa;F;1901.1.9;francia;;kiesett;;BMW;BMW
;;Patrick Friesacher;F;1980.9.26;osztrák;;;;;
1955.05.30;USA;Al Herman;F;1927.3.15;amerikai;7;;Kurtis Kraft;Kurtis;Offenhauser
1960.05.30;USA;Al Herman;F;1927.3.15;amerikai;;kuplung;Ewing;Ewing;Offenhauser
1959.05.30;USA;Al Herman;F;1927.3.15;amerikai;13;;Dunn;Dunn;Offenhauser
1956.05.30;USA;Al Herman;F;1927.3.15;amerikai;;karambol;Kurtis Kraft;Kurtis;Offenhauser
1957.05.30;USA;Al Herman;F;1927.3.15;amerikai;;karambol;Dunn;Dunn;Offenhauser
;;Kurt Ahrens;F;1940.4.19;német;;;;;
;;Dave Walker;F;1941.6.10;ausztrál;;;;;
1958.08.03;Németország;Dick Gibson;F;1918.4.16;brit;;motor;;Cooper;Climax
1957.08.04;Németország;Dick Gibson;F;1918.4.16;brit;;kormány;;Cooper;Climax
1950.07.02;Franciaország;Peter Whitehead;F;1914.11.12;brit;3;;;Ferrari;Ferrari
1951.07.01;Franciaország;Peter Whitehead;F;1914.11.12;brit;;motor;Graham Whitehead;Ferrari;Ferrari
1952.07.06;Franciaország;Peter Whitehead;F;1914.11.12;brit;;kuplung;;Alta;Alta
1950.09.03;Olaszország;Peter Whitehead;F;1914.11.12;brit;7;;;Ferrari;Ferrari
1954.07.17;Nagy-Britannia;Peter Whitehead;F;1914.11.12;brit;;olajfolyás;;Cooper;Alta
1951.05.27;Svájc;Peter Whitehead;F;1914.11.12;brit;;karambol;Scuderia Ferrari;Ferrari;Ferrari
1951.09.16;Olaszország;Peter Whitehead;F;1914.11.12;brit;;motor;;Ferrari;Ferrari
1952.07.19;Nagy-Britannia;Peter Whitehead;F;1914.11.12;brit;10;;;Ferrari;Ferrari
1950.05.21;Monaco;Peter Whitehead;F;1914.11.12;brit;;motor;;Ferrari;Ferrari
1951.07.14;Nagy-Britannia;Peter Whitehead;F;1914.11.12;brit;9;;G A Vanderwell;Ferrari;Ferrari
1952.09.07;Olaszország;Peter Whitehead;F;1914.11.12;brit;;kizárták;;Ferrari;Ferrari
1953.07.18;Nagy-Britannia;Peter Whitehead;F;1914.11.12;brit;9;;Atlantic Stable;Cooper;Alta
;;Ricardo Rodriguez;F;1942.2.14;mexikói;;;;;
;;Ricardo Zunino;F;1949.4.13;argentín;;;;;
;;Juan-Pablo Montoya;F;1975.9.20;kolumbiai;;;;;
1959.12.12;USA;Bob Said;F;1932.5.5;amerikai;;túlhajtás;Connaught Cars / Paul Emery;Connaught;Alta
1958.05.26;Hollandia;Masten Gregory;F;1932.2.29;amerikai;;benzinpumpa;Horace Gould;Maserati;Maserati
1957.05.19;Monaco;Masten Gregory;F;1932.2.29;amerikai;3;;Scuderia Centro Sud;Maserati;Maserati
1960.07.03;Franciaország;Masten Gregory;F;1932.2.29;amerikai;9;;Scuderia Centro Sud;Cooper;Maserati
1958.09.07;Olaszország;Masten Gregory;F;1932.2.29;amerikai;4;;Scuderia Centro Sud;Maserati;Maserati
1959.05.10;Monaco;Masten Gregory;F;1932.2.29;amerikai;;sebességváltó;Cooper Car Company;Cooper;Climax
1959.08.23;Portugália;Masten Gregory;F;1932.2.29;amerikai;2;;Cooper Car Company;Cooper;Climax
1960.06.06;Hollandia;Masten Gregory;F;1932.2.29;amerikai;;visszalépés;Scuderia Centro Sud;Cooper;Maserati
1959.05.31;Hollandia;Masten Gregory;F;1932.2.29;amerikai;3;;Cooper Car Company;Cooper;Climax
1959.08.02;Németország;Masten Gregory;F;1932.2.29;amerikai;;motor;Cooper Car Company;Cooper;Climax
1957.08.04;Németország;Masten Gregory;F;1932.2.29;amerikai;8;;Scuderia Centro Sud;Maserati;Maserati
1959.07.18;Nagy-Britannia;Masten Gregory;F;1932.2.29;amerikai;7;;Cooper Car Company;Cooper;Climax
1960.05.29;Monaco;Masten Gregory;F;1932.2.29;amerikai;;kizárták;Scuderia Centro Sud;Cooper;Maserati
1958.10.19;Marokkó;Masten Gregory;F;1932.2.29;amerikai;6;;Temple Buell;Maserati;Maserati
1960.07.16;Nagy-Britannia;Masten Gregory;F;1932.2.29;amerikai;14;;Scuderia Centro Sud;Cooper;Maserati
1958.06.15;Belgium;Masten Gregory;F;1932.2.29;amerikai;;motor;Scuderia Centro Sud;Maserati;Maserati
1957.08.18;Olaszország;Masten Gregory;F;1932.2.29;amerikai;4;;Scuderia Centro Sud;Maserati;Maserati
1960.02.07;Argentína;Masten Gregory;F;1932.2.29;amerikai;12;;Camoradi International;Behra-Porsche;Porsche
1957.09.08;Olaszország;Masten Gregory;F;1932.2.29;amerikai;4;;Scuderia Centro Sud;Maserati;Maserati
1959.07.05;Franciaország;Masten Gregory;F;1932.2.29;amerikai;;feladta;Cooper Car Company;Cooper;Climax
1960.08.14;Portugália;Masten Gregory;F;1932.2.29;amerikai;;sebességváltó;Scuderia Centro Sud;Cooper;Maserati
1954.07.17;Nagy-Britannia;Clemar Bucci;F;1920.9.4;argentín;;karambol;Equipe Gordini;Gordini;Gordini
1954.08.01;Németország;Clemar Bucci;F;1920.9.4;argentín;;kerék;Equipe Gordini;Gordini;Gordini
1954.08.22;Svájc;Clemar Bucci;F;1920.9.4;argentín;;benzinpumpa;Equipe Gordini;Gordini;Gordini
1954.09.05;Olaszország;Clemar Bucci;F;1920.9.4;argentín;;futómû;Equipe Gordini;Gordini;Gordini
1955.01.16;Argentína;Clemar Bucci;F;1920.9.4;argentín;;kiesett;Officine Alfieri Maserati;Maserati;Maserati
1952.07.19;Nagy-Britannia;Ken Downing;F;1917.12.5;brit;9;;Connaught Engineering;Connaught;Lea
1952.08.17;Hollandia;Ken Downing;F;1917.12.5;brit;;olajnyomás;;Connaught;Lea
;;Alex Caffi;F;1964.3.18;olasz;;;;;
;;Heini Walter;F;1927.7.28;német;;;;;
1957.07.20;Nagy-Britannia;Bob Gerard;F;1914.1.19;brit;6;;;Cooper;Bristol
1953.07.05;Franciaország;Bob Gerard;F;1914.1.19;brit;11;;;Cooper;Bristol
1956.07.14;Nagy-Britannia;Bob Gerard;F;1914.1.19;brit;11;;;Cooper;Bristol
1950.05.13;Nagy-Britannia;Bob Gerard;F;1914.1.19;brit;6;;;ERA;ERA
1953.07.18;Nagy-Britannia;Bob Gerard;F;1914.1.19;brit;;kiállás;;Cooper;Bristol
1954.07.17;Nagy-Britannia;Bob Gerard;F;1914.1.19;brit;10;;;Cooper;Bristol
1951.07.14;Nagy-Britannia;Bob Gerard;F;1914.1.19;brit;11;;;ERA;ERA
1950.05.21;Monaco;Bob Gerard;F;1914.1.19;brit;6;;;ERA;ERA
;;Bertrand Gachot;F;1962.12.22;belga;;;;;
1952.06.22;Belgium;Roger Laurent;F;1913.2.21;brit;12;;HW Motors;HWM;Alta
1952.08.03;Németország;Roger Laurent;F;1913.2.21;brit;6;;Ecurie Francorchamps;Ferrari;Ferrari
;;Helmuth Koinigg;F;1948.11.3;osztrák;;;;;
;;Renato Pirocchi;F;1933.3.26;olasz;;;;;
1955.01.16;Argentína;Sergio Mantovani;F;1929.5.22;olasz;7;;Officine Alfieri Maserati;Maserati;Maserati
1954.06.20;Belgium;Sergio Mantovani;F;1929.5.22;olasz;7;;Officine Alfieri Maserati;Maserati;Maserati
1954.08.01;Németország;Sergio Mantovani;F;1929.5.22;olasz;5;;Officine Alfieri Maserati;Maserati;Maserati
1953.09.13;Olaszország;Sergio Mantovani;F;1929.5.22;olasz;7;;Officine Alfieri Maserati;Maserati;Maserati
1954.10.24;Spanyolország;Sergio Mantovani;F;1929.5.22;olasz;;törés;Officine Alfieri Maserati;Maserati;Maserati
1954.08.22;Svájc;Sergio Mantovani;F;1929.5.22;olasz;5;;Officine Alfieri Maserati;Maserati;Maserati
1954.09.05;Olaszország;Sergio Mantovani;F;1929.5.22;olasz;9;;Officine Alfieri Maserati;Maserati;Maserati
1954.07.04;Franciaország;Sergio Mantovani;F;1929.5.22;olasz;;nem rajtolt el;Officine Alfieri Maserati;Maserati;Maserati
1955.01.16;Argentína;Sergio Mantovani;F;1929.5.22;olasz;;kiesett;Officine Alfieri Maserati;Maserati;Maserati
;;Jac Nelleman;F;1944.4.19;dán;;;;;
1959.07.18;Nagy-Britannia;Brian Naylor;F;1923.3.24;brit;;futómû;JB Naylor;JBW;Maserati
1957.08.04;Németország;Brian Naylor;F;1923.3.24;brit;13;;JB Naylor;Cooper;Climax
1960.05.29;Monaco;Brian Naylor;F;1923.3.24;brit;;kizárták;JB Naylor;JBW;Maserati
1960.09.04;Olaszország;Brian Naylor;F;1923.3.24;brit;;sebességváltó;JB Naylor;JBW;Maserati
1958.08.03;Németország;Brian Naylor;F;1923.3.24;brit;;benzinpumpa;;Cooper;Climax
1960.11.20;USA;Brian Naylor;F;1923.3.24;brit;;motor;JB Naylor;JBW;Maserati
1960.07.16;Nagy-Britannia;Brian Naylor;F;1923.3.24;brit;13;;JB Naylor;JBW;Maserati
1951.09.16;Olaszország;Rudolf Fischer;F;1912.4.19;svájci;;karambol;Ecurie Espadon;Ferrari;Ferrari
1952.09.07;Olaszország;Rudolf Fischer;F;1912.4.19;svájci;;motor;Ecurie Espadon;Ferrari;Ferrari
1952.07.06;Franciaország;Rudolf Fischer;F;1912.4.19;svájci;;motor;Ecurie Espadon;Ferrari;Ferrari
1952.08.03;Németország;Rudolf Fischer;F;1912.4.19;svájci;3;;Ecurie Espadon;Ferrari;Ferrari
1952.05.18;Svájc;Rudolf Fischer;F;1912.4.19;svájci;2;;Ecurie Espadon;Ferrari;Ferrari
1952.07.19;Nagy-Britannia;Rudolf Fischer;F;1912.4.19;svájci;13;;Ecurie Espadon;Ferrari;Ferrari
1951.05.27;Svájc;Rudolf Fischer;F;1912.4.19;svájci;11;;Ecurie Espadon;Ferrari;Ferrari
1951.07.29;Németország;Rudolf Fischer;F;1912.4.19;svájci;6;;Ecurie Espadon;Ferrari;Ferrari
1952.07.06;Franciaország;Rudolf Fischer;F;1912.4.19;svájci;11;;Ecurie Espadon;Ferrari;Ferrari
;;Pascal Fabre;F;1960.1.9;francia;;;;;
;;John Watson;F;1946.5.4;brit;;;;;
;;Olivier Panis;F;1966.9.2;francia;;;;;
;;Adrian Sutil;F;1983.1.11;német;;;;;
1957.05.30;USA;Elmer George;F;1928.7.15;amerikai;;karambol;Kurtis Kraft;Kurtis;Offenhauser
;;Olivier Beretta;F;1969.11.23;monacoi;;;;;
1957.05.30;USA;Don Edmunds;F;1930.9.23;amerikai;;kicsúszás;Kurtis Kraft;Kurtis;Offenhauser
;;Jody Scheckter;F;1950.1.29;dél-afrikai;;;;;
;;Mike Fisher;F;1943.3.13;amerikai;;;;;
;;Rikky von Opel;F;1947.10.14;német;;;;;
;;Jay Chamberlain;F;1925.12.29;amerikai;;;;;
1958.06.15;Belgium;Stuart Lewis-Evans;F;1930.4.20;brit;3;;Vandervell Products Ltd;Vanwall;Vanwall
1957.07.07;Franciaország;Stuart Lewis-Evans;F;1930.4.20;brit;;kormány;Vandervell Products Ltd;Vanwall;Vanwall
1958.05.18;Monaco;Stuart Lewis-Evans;F;1930.4.20;brit;;kormány;Vandervell Products Ltd;Vanwall;Vanwall
1957.05.19;Monaco;Stuart Lewis-Evans;F;1930.4.20;brit;4;;Connaught Engineering;Connaught;Alta
1957.08.18;Olaszország;Stuart Lewis-Evans;F;1930.4.20;brit;5;;Vandervell Products Ltd;Vanwall;Vanwall
1958.09.07;Olaszország;Stuart Lewis-Evans;F;1930.4.20;brit;;túlhajtás;Vandervell Products Ltd;Vanwall;Vanwall
1958.08.24;Portugália;Stuart Lewis-Evans;F;1930.4.20;brit;3;;Vandervell Products Ltd;Vanwall;Vanwall
1957.09.08;Olaszország;Stuart Lewis-Evans;F;1930.4.20;brit;;benzintank;Vandervell Products Ltd;Vanwall;Vanwall
1957.08.04;Németország;Stuart Lewis-Evans;F;1930.4.20;brit;;sebességváltó;Vandervell Products Ltd;Vanwall;Vanwall
1958.05.26;Hollandia;Stuart Lewis-Evans;F;1930.4.20;brit;;motor;Vandervell Products Ltd;Vanwall;Vanwall
1958.10.19;Marokkó;Stuart Lewis-Evans;F;1930.4.20;brit;;karambol;Vandervell Products Ltd;Vanwall;Vanwall
1958.07.19;Nagy-Britannia;Stuart Lewis-Evans;F;1930.4.20;brit;4;;Vandervell Products Ltd;Vanwall;Vanwall
1958.07.06;Franciaország;Stuart Lewis-Evans;F;1930.4.20;brit;;kiesett;Vandervell Products Ltd;Vanwall;Vanwall
1957.07.20;Nagy-Britannia;Stuart Lewis-Evans;F;1930.4.20;brit;7;;Vandervell Products Ltd;Vanwall;Vanwall
;;Clay Regazzoni;F;1939.9.5;svájci;;;;;
1958.10.19;Marokkó;Francois Picard;F;1921.4.26;francia;;karambol;Rob Walker Racing Team;Cooper;Climax
;;Noritake Takahara;F;1951.6.6;japán;;;;;
1950.09.03;Olaszország;Dorino Serafini;F;1909.7.22;olasz;2;;Scuderia Ferrari;Ferrari;Ferrari
;;Danny Sullivan;F;1950.3.9;amerikai;;;;;
;;Ernie Pieterse;F;1938.7.4;dél-afrikai;;;;;
;;Gianmaria Bruni;F;1981.5.30;olasz;;;;;
1950.05.21;Monaco;Alfredo Pian;F;1912.10.21;argentín;;karambol;Scuderia Achille Varzi;Maserati;Maserati
;;Pedro-Matos Chaves;F;1965.2.27;portugál;;;;;
1960.05.30;USA;Lloyd Ruby;F;1928.1.12;amerikai;7;;Watson;Watson;Offenhauser
1950.09.03;Olaszország;Clemente Biondetti;F;1898.10.18;olasz;;motor;;Ferrari;Jaguar
;;John Rhodes;F;1927.8.18;brit;;;;;
;;Guy Ligier;F;1930.7.12;francia;;;;;
1952.09.07;Olaszország;Alberto Crespo;F;1930.1.16;argentín;;kizárták;Enrico Plate;Maserati;Plate
;;Jyrki J?ilehto Lehto;F;1966.1.31;finn;;;;;
;;Stefan Bellof;F;1957.11.20;német;;;;;
1954.05.31;USA;Duane Carter;F;1913.5.5;amerikai;4;;Kurtis Kraft;Kurtis;Offenhauser
1959.05.30;USA;Duane Carter;F;1913.5.5;amerikai;7;;Leader Cards Inc;Kurtis;Offenhauser
1953.05.30;USA;Duane Carter;F;1913.5.5;amerikai;3;;Ed Walsh;Kurtis;Offenhauser
1951.05.30;USA;Duane Carter;F;1913.5.5;amerikai;8;;Rotary Engineering;Deidt;Offenhauser
1960.05.30;USA;Duane Carter;F;1913.5.5;amerikai;12;;Kuzma;Kuzma;Offenhauser
1955.05.30;USA;Duane Carter;F;1913.5.5;amerikai;11;;Kuzma;Kuzma;Offenhauser
1950.05.30;USA;Duane Carter;F;1913.5.5;amerikai;12;;Murrell Belanger;Stevens;Offenhauser
1953.05.30;USA;Duane Carter;F;1913.5.5;amerikai;;gyújtás;Murrell Belanger;Kurtis;Offenhauser
1954.05.31;USA;Duane Carter;F;1913.5.5;amerikai;15;;Kurtis Kraft;Kurtis;Offenhauser
1952.05.30;USA;Duane Carter;F;1913.5.5;amerikai;4;;Murrell Belanger;Lesovsky;Offenhauser
1953.05.30;USA;Bob Scott;F;1928.10.4;amerikai;12;;Lee Elkins;Kurtis;Offenhauser
1954.05.31;USA;Bob Scott;F;1928.10.4;amerikai;18;;Stevens;Schroeder;Offenhauser
1954.05.31;USA;Bob Scott;F;1928.10.4;amerikai;;kiesett;Schroeder;Schroeder;Offenhauser
1952.05.30;USA;Bob Scott;F;1928.10.4;amerikai;;vezérmûtengely;Ludson Morris;Kurtis;Offenhauser
1953.05.30;USA;Bob Scott;F;1928.10.4;amerikai;;olajfolyás;Louis and Bruce Bromme;Bromme;Offenhauser
1955.05.30;USA;Walt Faulkner;F;1920.2.16;amerikai;5;;Kurtis Kraft;Kurtis;Offenhauser
1954.05.31;USA;Walt Faulkner;F;1920.2.16;amerikai;12;;Kuzma;Kuzma;Offenhauser
1951.05.30;USA;Walt Faulkner;F;1920.2.16;amerikai;;motor;JC Agajanian;Kuzma;Offenhauser
1950.05.30;USA;Walt Faulkner;F;1920.2.16;amerikai;7;;JC Agajanian;Kurtis;Offenhauser
1953.05.30;USA;Walt Faulkner;F;1920.2.16;amerikai;17;;Eugene Casaroll;Kurtis;Offenhauser
;;George Follmer;F;1934.1.27;amerikai;;;;;
;;Kunimitsu Takahashi;F;1940.1.29;japán;;;;;
;;Hector Rebaque;F;1956.2.5;mexikói;;;;;
1957.07.07;Franciaország;Herbert MacKay-Fraser;F;1927.6.23;amerikai;;futómû;Owen Racing Organisation;BRM;BRM
;;Trevor Blokdyk;F;1935.11.30;dél-afrikai;;;;;
1953.07.18;Nagy-Britannia;Giuseppe Farina;F;1906.10.30;olasz;3;;Scuderia Ferrari;Ferrari;Ferrari
1951.07.01;Franciaország;Giuseppe Farina;F;1906.10.30;olasz;5;;Alfa Romeo SpA;Alfa;Alfa
1953.09.13;Olaszország;Giuseppe Farina;F;1906.10.30;olasz;2;;Scuderia Ferrari;Ferrari;Ferrari
1952.06.22;Belgium;Giuseppe Farina;F;1906.10.30;olasz;2;;Scuderia Ferrari;Ferrari;Ferrari
1952.07.06;Franciaország;Giuseppe Farina;F;1906.10.30;olasz;2;;Scuderia Ferrari;Ferrari;Ferrari
1950.05.13;Nagy-Britannia;Giuseppe Farina;F;1906.10.30;olasz;1;;Alfa Romeo SpA;Alfa;Alfa
1950.07.02;Franciaország;Giuseppe Farina;F;1906.10.30;olasz;7;;Alfa Romeo SpA;Alfa;Alfa
1951.09.16;Olaszország;Giuseppe Farina;F;1906.10.30;olasz;3;;Alfa Romeo SpA;Alfa;Alfa
1953.08.23;Svájc;Giuseppe Farina;F;1906.10.30;olasz;2;;Scuderia Ferrari;Ferrari;Ferrari
1952.09.07;Olaszország;Giuseppe Farina;F;1906.10.30;olasz;4;;Scuderia Ferrari;Ferrari;Ferrari
1952.08.17;Hollandia;Giuseppe Farina;F;1906.10.30;olasz;2;;Scuderia Ferrari;Ferrari;Ferrari
1950.06.04;Svájc;Giuseppe Farina;F;1906.10.30;olasz;1;;Alfa Romeo SpA;Alfa;Alfa
1952.08.03;Németország;Giuseppe Farina;F;1906.10.30;olasz;2;;Scuderia Ferrari;Ferrari;Ferrari
1951.10.28;Spanyolország;Giuseppe Farina;F;1906.10.30;olasz;3;;Alfa Romeo SpA;Alfa;Alfa
1950.05.21;Monaco;Giuseppe Farina;F;1906.10.30;olasz;;karambol;Alfa Romeo SpA;Alfa;Alfa
1951.07.14;Nagy-Britannia;Giuseppe Farina;F;1906.10.30;olasz;;kuplung;Alfa Romeo SpA;Alfa;Alfa
1952.05.18;Svájc;Giuseppe Farina;F;1906.10.30;olasz;;gyújtás;Scuderia Ferrari;Ferrari;Ferrari
1950.09.03;Olaszország;Giuseppe Farina;F;1906.10.30;olasz;1;;Alfa Romeo SpA;Alfa;Alfa
1951.07.29;Németország;Giuseppe Farina;F;1906.10.30;olasz;;túlhajtás;Alfa Romeo SpA;Alfa;Alfa
1954.01.17;Argentína;Giuseppe Farina;F;1906.10.30;olasz;2;;Scuderia Ferrari;Ferrari;Ferrari
1953.08.02;Németország;Giuseppe Farina;F;1906.10.30;olasz;1;;Scuderia Ferrari;Ferrari;Ferrari
1950.06.18;Belgium;Giuseppe Farina;F;1906.10.30;olasz;4;;Alfa Romeo SpA;Alfa;Alfa
1953.01.18;Argentína;Giuseppe Farina;F;1906.10.30;olasz;;karambol;Scuderia Ferrari;Ferrari;Ferrari
1951.09.16;Olaszország;Giuseppe Farina;F;1906.10.30;olasz;;motor;Alfa Romeo SpA;Alfa;Alfa
1953.06.21;Belgium;Giuseppe Farina;F;1906.10.30;olasz;;motor;Scuderia Ferrari;Ferrari;Ferrari
1952.05.18;Svájc;Giuseppe Farina;F;1906.10.30;olasz;;kiesett;Scuderia Ferrari;Ferrari;Ferrari
1953.06.07;Hollandia;Giuseppe Farina;F;1906.10.30;olasz;2;;Scuderia Ferrari;Ferrari;Ferrari
1953.07.05;Franciaország;Giuseppe Farina;F;1906.10.30;olasz;5;;Scuderia Ferrari;Ferrari;Ferrari
1951.05.27;Svájc;Giuseppe Farina;F;1906.10.30;olasz;3;;Alfa Romeo SpA;Alfa;Alfa
1951.06.17;Belgium;Giuseppe Farina;F;1906.10.30;olasz;1;;Alfa Romeo SpA;Alfa;Alfa
1952.07.19;Nagy-Britannia;Giuseppe Farina;F;1906.10.30;olasz;6;;Scuderia Ferrari;Ferrari;Ferrari
1954.06.20;Belgium;Giuseppe Farina;F;1906.10.30;olasz;;gyújtás;Scuderia Ferrari;Ferrari;Ferrari
1955.01.16;Argentína;Giuseppe Farina;F;1906.10.30;olasz;2;;Scuderia Ferrari;Ferrari;Ferrari
1955.09.11;Olaszország;Giuseppe Farina;F;1906.10.30;olasz;;gumi;Scuderia Ferrari;Ferrari;Ferrari
1955.05.22;Monaco;Giuseppe Farina;F;1906.10.30;olasz;4;;Scuderia Ferrari;Ferrari;Ferrari
1955.06.05;Belgium;Giuseppe Farina;F;1906.10.30;olasz;3;;Scuderia Ferrari;Ferrari;Ferrari
1955.01.16;Argentína;Giuseppe Farina;F;1906.10.30;olasz;3;;Scuderia Ferrari;Ferrari;Ferrari
;;Naoki Hattori;F;1966.6.13;japán;;;;;
1951.05.30;USA;Sam Hanks;F;1914.7.13;amerikai;;motor;Peter Schmidt;Kurtis;Offenhauser
1953.05.30;USA;Sam Hanks;F;1914.7.13;amerikai;3;;Ed Walsh;Kurtis;Offenhauser
1956.05.30;USA;Sam Hanks;F;1914.7.13;amerikai;2;;Kurtis Kraft;Kurtis;Offenhauser
1955.05.30;USA;Sam Hanks;F;1914.7.13;amerikai;;futómû;Kurtis Kraft;Kurtis;Offenhauser
1952.05.30;USA;Sam Hanks;F;1914.7.13;amerikai;3;;Ed Walsh;Kurtis;Offenhauser
1954.05.31;USA;Sam Hanks;F;1914.7.13;amerikai;11;;Kurtis Kraft;Kurtis;Offenhauser
1950.05.30;USA;Sam Hanks;F;1914.7.13;amerikai;;olajnyomás;Milt Marion;Kurtis;Offenhauser
1957.05.30;USA;Sam Hanks;F;1914.7.13;amerikai;1;;Epperly;Epperly;Offenhauser
1954.05.31;USA;Sam Hanks;F;1914.7.13;amerikai;;kiesett;Kurtis Kraft;Kurtis;Offenhauser
;;Alan Jones;F;1946.11.2;ausztrál;;;;;
1950.05.13;Nagy-Britannia;David Hampshire;F;1917.12.29;brit;9;;Scuderia Ambrosiana;Maserati;Maserati
1950.07.02;Franciaország;David Hampshire;F;1917.12.29;brit;;motor;Scuderia Ambrosiana;Maserati;Maserati
;;Warwick Brown;F;1949.12.24;ausztrál;;;;;
;;Danny Ongais;F;1942.5.21;amerikai;;;;;
;;Jacques Laffite;F;1943.11.21;francia;;;;;
;;Gerhard Berger;F;1959.8.27;osztrák;;;;;
;;Peter Westbury;F;1938.5.26;brit;;;;;
;;Lamberto Leoni;F;1953.5.24;olasz;;;;;
1951.05.30;USA;Mack Hellings;F;1917.9.14;amerikai;;motor;CG Tuffanelli;Deidt;Offenhauser
1950.05.30;USA;Mack Hellings;F;1917.9.14;amerikai;13;;Charles Pritchard;Kurtis;Offenhauser
1960.09.04;Olaszország;Giulio Cabianca;F;1923.2.19;olasz;4;;Scuderia Castellotti;Cooper;Castellotti
1958.05.18;Monaco;Giulio Cabianca;F;1923.2.19;olasz;;kizárták;OSCA Automobili;Osca;Osca
1959.09.13;Olaszország;Giulio Cabianca;F;1923.2.19;olasz;15;;;Maserati;Maserati
1958.09.07;Olaszország;Giulio Cabianca;F;1923.2.19;olasz;;motor;Joakim Bonnier Racing Team;Maserati;Maserati
1957.05.19;Monaco;Carlos Menditeguy;F;1915.8.10;argentín;;karambol;Officine Alfieri Maserati;Maserati;Maserati
1954.01.17;Argentína;Carlos Menditeguy;F;1915.8.10;argentín;;motor;Onofre Marimon;Maserati;Maserati
1955.09.11;Olaszország;Carlos Menditeguy;F;1915.8.10;argentín;5;;Officine Alfieri Maserati;Maserati;Maserati
1955.01.16;Argentína;Carlos Menditeguy;F;1915.8.10;argentín;;kiesett;Officine Alfieri Maserati;Maserati;Maserati
1953.01.18;Argentína;Carlos Menditeguy;F;1915.8.10;argentín;;sebességváltó;Equipe Gordini;Gordini;Gordini
1960.02.07;Argentína;Carlos Menditeguy;F;1915.8.10;argentín;4;;Scuderia Centro Sud;Cooper;Maserati
1957.01.13;Argentína;Carlos Menditeguy;F;1915.8.10;argentín;3;;Officine Alfieri Maserati;Maserati;Maserati
1956.01.22;Argentína;Carlos Menditeguy;F;1915.8.10;argentín;;féltengely;Officine Alfieri Maserati;Maserati;Maserati
1955.01.16;Argentína;Carlos Menditeguy;F;1915.8.10;argentín;;karambol;Officine Alfieri Maserati;Maserati;Maserati
1957.07.07;Franciaország;Carlos Menditeguy;F;1915.8.10;argentín;;motor;Officine Alfieri Maserati;Maserati;Maserati
1957.07.20;Nagy-Britannia;Carlos Menditeguy;F;1915.8.10;argentín;;futómû;Officine Alfieri Maserati;Maserati;Maserati
1958.01.19;Argentína;Carlos Menditeguy;F;1915.8.10;argentín;7;;Scuderia Sud Americana;Maserati;Maserati
;;Tony Settember;F;1930.1.1;amerikai;;;;;
;;Ingo Hoffman;F;1953.2.18;brazil;;;;;
;;Gilles Villeneuve;F;1950.1.18;kanadai;;;;;
;;Marco Apicella;F;1965.10.7;olasz;;;;;
;;Peter Ryan;F;1940.6.10;kanadai;;;;;
1951.06.17;Belgium;Philippe Etancelin;F;1896.12.28;francia;;futómû;;Talbot-Lago;Talbot
1950.05.13;Nagy-Britannia;Philippe Etancelin;F;1896.12.28;francia;8;;;Talbot-Lago;Talbot
1950.06.18;Belgium;Philippe Etancelin;F;1896.12.28;francia;;túlhajtás;Automobiles Talbot-Darracq SA;Talbot-Lago;Talbot
1950.07.02;Franciaország;Philippe Etancelin;F;1896.12.28;francia;5;;;Talbot-Lago;Talbot
1951.07.29;Németország;Philippe Etancelin;F;1896.12.28;francia;;sebességváltó;;Talbot-Lago;Talbot
1951.07.01;Franciaország;Philippe Etancelin;F;1896.12.28;francia;;kipufogócsõ;;Talbot-Lago;Talbot
1950.06.04;Svájc;Philippe Etancelin;F;1896.12.28;francia;;sebességváltó;;Talbot-Lago;Talbot
1952.07.06;Franciaország;Philippe Etancelin;F;1896.12.28;francia;8;;Escuderia Bandeirantes;Maserati;Maserati
1951.05.27;Svájc;Philippe Etancelin;F;1896.12.28;francia;10;;;Talbot-Lago;Talbot
1950.09.03;Olaszország;Philippe Etancelin;F;1896.12.28;francia;5;;;Talbot-Lago;Talbot
1950.05.21;Monaco;Philippe Etancelin;F;1896.12.28;francia;;olajfolyás;;Talbot-Lago;Talbot
1951.10.28;Spanyolország;Philippe Etancelin;F;1896.12.28;francia;8;;;Talbot-Lago;Talbot
;;Andy Sutcliffe;F;1947.5.9;brit;;;;;
;;David Brabham;F;1965.9.5;ausztrál;;;;;
1950.05.13;Nagy-Britannia;Joe Fry;F;1915.10.26;brit;10;;;Maserati;Maserati
;;Derek Bell;F;1941.10.31;brit;;;;;
1955.01.16;Argentína;Jesus Iglesias;F;1922.2.22;argentín;;futómû;Equipe Gordini;Gordini;Gordini
;;Jackie Stewart;F;1939.6.11;skót;;;;;
1955.05.30;USA;Pat Flaherty;F;1926.1.6;amerikai;10;;Kurtis Kraft;Kurtis;Offenhauser
1959.05.30;USA;Pat Flaherty;F;1926.1.6;amerikai;;karambol;Watson;Watson;Offenhauser
1956.05.30;USA;Pat Flaherty;F;1926.1.6;amerikai;1;;Watson;Watson;Offenhauser
1950.05.30;USA;Pat Flaherty;F;1926.1.6;amerikai;10;;Grancor Auto;Kurtis;Offenhauser
1953.05.30;USA;Pat Flaherty;F;1926.1.6;amerikai;;karambol;Peter Schmidt;Kurtis;Offenhauser
1954.05.31;USA;Pat Flaherty;F;1926.1.6;amerikai;;kiesett;Kurtis Kraft;Kurtis;Offenhauser
1952.08.03;Németország;Adolf Brudes;F;1899.10.15;német;;motor;;Veritas;BMW
;;Riccardo Paletti;F;1958.6.15;olasz;;;;;
1957.07.20;Nagy-Britannia;Mike Hawthorn;F;1929.4.10;brit;3;;Scuderia Ferrari;Lancia;Lancia
1952.07.19;Nagy-Britannia;Mike Hawthorn;F;1929.4.10;brit;3;;Leslie Hawthorn;Cooper;Bristol
1954.07.04;Franciaország;Mike Hawthorn;F;1929.4.10;brit;;motor;Scuderia Ferrari;Ferrari;Ferrari
1955.07.16;Nagy-Britannia;Mike Hawthorn;F;1929.4.10;brit;6;;Scuderia Ferrari;Ferrari;Ferrari
1957.01.13;Argentína;Mike Hawthorn;F;1929.4.10;brit;;kuplung;Scuderia Ferrari;Lancia;Lancia
1957.05.19;Monaco;Mike Hawthorn;F;1929.4.10;brit;;kiesett;Scuderia Ferrari;Lancia;Lancia
1955.06.19;Hollandia;Mike Hawthorn;F;1929.4.10;brit;7;;Scuderia Ferrari;Ferrari;Ferrari
1957.07.07;Franciaország;Mike Hawthorn;F;1929.4.10;brit;4;;Scuderia Ferrari;Lancia;Lancia
1957.09.08;Olaszország;Mike Hawthorn;F;1929.4.10;brit;6;;Scuderia Ferrari;Lancia;Lancia
1957.05.19;Monaco;Mike Hawthorn;F;1929.4.10;brit;;karambol;Scuderia Ferrari;Lancia;Lancia
1955.06.05;Belgium;Mike Hawthorn;F;1929.4.10;brit;;sebességváltó;Vandervell Products Ltd;Vanwall;Vanwall
1954.08.01;Németország;Mike Hawthorn;F;1929.4.10;brit;;sebességváltó;Scuderia Ferrari;Ferrari;Ferrari
1954.07.17;Nagy-Britannia;Mike Hawthorn;F;1929.4.10;brit;2;;Scuderia Ferrari;Ferrari;Ferrari
1958.01.19;Argentína;Mike Hawthorn;F;1929.4.10;brit;3;;Scuderia Ferrari;Ferrari;Ferrari
1958.05.18;Monaco;Mike Hawthorn;F;1929.4.10;brit;;benzinpumpa;Scuderia Ferrari;Ferrari;Ferrari
1954.06.20;Belgium;Mike Hawthorn;F;1929.4.10;brit;4;;Scuderia Ferrari;Ferrari;Ferrari
1952.06.22;Belgium;Mike Hawthorn;F;1929.4.10;brit;4;;Leslie Hawthorn;Cooper;Bristol
1952.07.06;Franciaország;Mike Hawthorn;F;1929.4.10;brit;;gyújtás;AHM Bryde;Cooper;Bristol
1958.05.26;Hollandia;Mike Hawthorn;F;1929.4.10;brit;5;;Scuderia Ferrari;Ferrari;Ferrari
1953.09.13;Olaszország;Mike Hawthorn;F;1929.4.10;brit;4;;Scuderia Ferrari;Ferrari;Ferrari
1954.09.05;Olaszország;Mike Hawthorn;F;1929.4.10;brit;2;;Scuderia Ferrari;Ferrari;Ferrari
1953.06.07;Hollandia;Mike Hawthorn;F;1929.4.10;brit;4;;Scuderia Ferrari;Ferrari;Ferrari
1958.10.19;Marokkó;Mike Hawthorn;F;1929.4.10;brit;2;;Scuderia Ferrari;Ferrari;Ferrari
1953.01.18;Argentína;Mike Hawthorn;F;1929.4.10;brit;4;;Scuderia Ferrari;Ferrari;Ferrari
1956.06.03;Belgium;Mike Hawthorn;F;1929.4.10;brit;;visszalépés;Owen Racing Organisation;Maserati;Maserati
1953.07.05;Franciaország;Mike Hawthorn;F;1929.4.10;brit;1;;Scuderia Ferrari;Ferrari;Ferrari
1958.07.19;Nagy-Britannia;Mike Hawthorn;F;1929.4.10;brit;2;;Scuderia Ferrari;Ferrari;Ferrari
1956.01.22;Argentína;Mike Hawthorn;F;1929.4.10;brit;3;;Owen Racing Organisation;Maserati;Maserati
1953.06.21;Belgium;Mike Hawthorn;F;1929.4.10;brit;6;;Scuderia Ferrari;Ferrari;Ferrari
1958.08.03;Németország;Mike Hawthorn;F;1929.4.10;brit;;kuplung;Scuderia Ferrari;Ferrari;Ferrari
1958.08.24;Portugália;Mike Hawthorn;F;1929.4.10;brit;2;;Scuderia Ferrari;Ferrari;Ferrari
1953.08.02;Németország;Mike Hawthorn;F;1929.4.10;brit;3;;Scuderia Ferrari;Ferrari;Ferrari
1954.10.24;Spanyolország;Mike Hawthorn;F;1929.4.10;brit;1;;Scuderia Ferrari;Ferrari;Ferrari
1956.05.13;Monaco;Mike Hawthorn;F;1929.4.10;brit;;motor;Owen Racing Organisation;BRM;BRM
1953.08.23;Svájc;Mike Hawthorn;F;1929.4.10;brit;3;;Scuderia Ferrari;Ferrari;Ferrari
1958.09.07;Olaszország;Mike Hawthorn;F;1929.4.10;brit;2;;Scuderia Ferrari;Ferrari;Ferrari
1953.07.18;Nagy-Britannia;Mike Hawthorn;F;1929.4.10;brit;5;;Scuderia Ferrari;Ferrari;Ferrari
1955.09.11;Olaszország;Mike Hawthorn;F;1929.4.10;brit;;sebességváltó;Scuderia Ferrari;Ferrari;Ferrari
1956.07.01;Franciaország;Mike Hawthorn;F;1929.4.10;brit;10;;Vandervell Products Ltd;Vanwall;Vanwall
1956.07.14;Nagy-Britannia;Mike Hawthorn;F;1929.4.10;brit;;olajfolyás;Owen Racing Organisation;BRM;BRM
1952.09.07;Olaszország;Mike Hawthorn;F;1929.4.10;brit;;nem teljesítette a távot;AHM Bryde;Cooper;Bristol
1958.07.06;Franciaország;Mike Hawthorn;F;1929.4.10;brit;1;;Scuderia Ferrari;Ferrari;Ferrari
1958.06.15;Belgium;Mike Hawthorn;F;1929.4.10;brit;2;;Scuderia Ferrari;Ferrari;Ferrari
1954.01.17;Argentína;Mike Hawthorn;F;1929.4.10;brit;;pályaelhagyás;Scuderia Ferrari;Ferrari;Ferrari
1957.08.04;Németország;Mike Hawthorn;F;1929.4.10;brit;2;;Scuderia Ferrari;Lancia;Lancia
1954.08.01;Németország;Mike Hawthorn;F;1929.4.10;brit;2;;Scuderia Ferrari;Ferrari;Ferrari
1952.08.17;Hollandia;Mike Hawthorn;F;1929.4.10;brit;4;;Leslie Hawthorn;Cooper;Bristol
1955.05.22;Monaco;Mike Hawthorn;F;1929.4.10;brit;;gázadagoló;Vandervell Products Ltd;Vanwall;Vanwall
1954.08.22;Svájc;Mike Hawthorn;F;1929.4.10;brit;;olajpumpa;Scuderia Ferrari;Ferrari;Ferrari
;;Jos Carlos Pace;F;1944.10.6;brazil;;;;;
1951.07.14;Nagy-Britannia;Joe Kelly;F;1913.3.13;brit;;nem teljesítette a távot;;Alta;Alta
1950.05.13;Nagy-Britannia;Joe Kelly;F;1913.3.13;brit;;nem teljesítette a távot;;Alta;Alta
;;Emilio de Villota;F;1946.7.26;spanyol;;;;;
1959.05.31;Hollandia;Carroll Shelby;F;1923.1.11;amerikai;;motor;David Brown Corporation;Aston;Aston
1959.07.18;Nagy-Britannia;Carroll Shelby;F;1923.1.11;amerikai;;gyújtás;David Brown Corporation;Aston;Aston
1958.09.07;Olaszország;Carroll Shelby;F;1923.1.11;amerikai;;motor;Officine Alfieri Maserati;Maserati;Maserati
1958.08.24;Portugália;Carroll Shelby;F;1923.1.11;amerikai;;karambol;Temple Buell;Maserati;Maserati
1958.09.07;Olaszország;Carroll Shelby;F;1923.1.11;amerikai;4;;Scuderia Centro Sud;Maserati;Maserati
1958.07.06;Franciaország;Carroll Shelby;F;1923.1.11;amerikai;;motor;Scuderia Centro Sud;Maserati;Maserati
1958.07.19;Nagy-Britannia;Carroll Shelby;F;1923.1.11;amerikai;9;;Scuderia Centro Sud;Maserati;Maserati
1959.08.23;Portugália;Carroll Shelby;F;1923.1.11;amerikai;8;;David Brown Corporation;Aston;Aston
1959.09.13;Olaszország;Carroll Shelby;F;1923.1.11;amerikai;10;;David Brown Corporation;Aston;Aston
;;Jean-Louis Schlesser;F;1952.9.12;francia;;;;;
1952.05.30;USA;Jim Rigsby;F;1923.6.6;amerikai;12;;Bob Estes;Watson;Offenhauser
1959.08.23;Portugália;Mario-Araujo de Cabral;F;1934.1.15;portugál;10;;Scuderia Centro Sud;Cooper;Maserati
1960.08.14;Portugália;Mario-Araujo de Cabral;F;1934.1.15;portugál;;sebességváltó;Scuderia Centro Sud;Cooper;Maserati
1952.05.30;USA;Henry Banks;F;1913.6.14;amerikai;19;;Lindesy Hopkins;Lesovsky;Offenhauser
1951.05.30;USA;Henry Banks;F;1913.6.14;amerikai;6;;Lindsey Hopkins;Moore;Offenhauser
1950.05.30;USA;Henry Banks;F;1913.6.14;amerikai;;kiesett;Indianapolis Race Cars;Maserati;Offenhauser
1952.06.22;Belgium;Arthur Legat;F;1898.11.1;belga;13;;;Veritas;Veritas
1953.06.21;Belgium;Arthur Legat;F;1898.11.1;belga;;futómû;;Veritas;Veritas
1954.05.31;USA;Larry Crockett;F;1926.10.23;amerikai;9;;Kurtis Kraft;Kurtis;Offenhauser
;;Christian Fittipaldi;F;1971.1.18;brazil;;;;;
1954.07.17;Nagy-Britannia;Don Beauman;F;1928.7.26;brit;11;;Sir Jeremy Boles;Connaught;Lea
;;Marc Gene;F;1974.3.29;spanyol;;;;;
1959.07.05;Franciaország;Astrubel Bayardo;F;1922.1.1;uruguayi;;kizárták;Scuderia Centro Sud;Maserati;Maserati
1950.07.02;Franciaország;Charles Pozzi;F;1909.8.27;francia;6;;;Talbot-Lago;Talbot
;;Pedro Paulo Diniz;F;1970.5.22;brazil;;;;;
1952.09.07;Olaszország;Tony Gaze;F;1920.2.3;ausztrál;;kizárták;;HWM;Alta
1952.07.19;Nagy-Britannia;Tony Gaze;F;1920.2.3;ausztrál;;motor;;HWM;Alta
1952.08.03;Németország;Tony Gaze;F;1920.2.3;ausztrál;;sebességváltó;;HWM;Alta
1952.06.22;Belgium;Tony Gaze;F;1920.2.3;ausztrál;15;;;HWM;Alta
1952.08.03;Németország;Rudolf Schoeller;F;1902.4.27;svájci;;kiállás;Ecurie Espadon;Ferrari;Ferrari
1953.07.18;Nagy-Britannia;Jimmy Stewart;F;1931.3.6;brit;;karambol;Ecurie Ecosse;Cooper;Bristol
;;Piercarlo Ghinzani;F;1952.1.16;olasz;;;;;
;;Bobby Unser;F;1934.2.20;amerikai;;;;;
1951.05.27;Svájc;Henri Louveau;F;1910.1.25;francia;;karambol;Ecurie Rosier;Talbot-Lago;Talbot
1950.09.03;Olaszország;Henri Louveau;F;1910.1.25;francia;;kiesett;Ecurie Rosier;Talbot-Lago;Talbot
1950.05.30;USA;Jimmy Jackson;F;1910.7.25;amerikai;;kompresszor;Cummins Engines;Kurtis;Cummins
1954.05.31;USA;Jimmy Jackson;F;1910.7.25;amerikai;15;;Kurtis Kraft;Kurtis;Offenhauser
1951.05.27;Svájc;Guy Mairesse;F;1910.8.10;francia;14;;Ecurie Belgique;Talbot-Lago;Talbot
1951.07.01;Franciaország;Guy Mairesse;F;1910.8.10;francia;9;;Ecurie Belgique;Talbot-Lago;Talbot
1950.09.03;Olaszország;Guy Mairesse;F;1910.8.10;francia;;kiesett;;Talbot-Lago;Talbot
;;Michael Bartels;F;1968.3.8;német;;;;;
1955.01.16;Argentína;Pablo Birger;F;1924.1.6;argentín;;karambol;Equipe Gordini;Gordini;Gordini
1953.01.18;Argentína;Pablo Birger;F;1924.1.6;argentín;;nem azonosított;Equipe Gordini;Simca-Gordini;Gordini
1950.09.03;Olaszország;Franco Rol;F;1908.6.5;olasz;;kiesett;Officine Alfieri Maserati;Maserati;Maserati
1950.07.02;Franciaország;Franco Rol;F;1908.6.5;olasz;;motor;Officine Alfieri Maserati;Maserati;Maserati
1950.05.21;Monaco;Franco Rol;F;1908.6.5;olasz;;karambol;Officine Alfieri Maserati;Maserati;Maserati
1951.09.16;Olaszország;Franco Rol;F;1908.6.5;olasz;9;;Osca Automobili;Osca;Osca
1952.09.07;Olaszország;Franco Rol;F;1908.6.5;olasz;;motor;Officine Alfieri Maserati;Maserati;Maserati
;;Piers Courage;F;1942.5.27;brit;;;;;
;;Michel May;F;1934.8.18;svájci;;;;;
;;Masami Kuwashima;F;1950.9.14;japán;;;;;
;;Eddie Cheever;F;1958.1.10;amerikai;;;;;
;;Riccardo Patrese;F;1954.4.17;olasz;;;;;
;;Jo Gartner;F;1954.1.24;osztrák;;;;;
1954.05.31;USA;Bill Homeier;F;1918.8.31;amerikai;;karambol;Kurtis Kraft;Kurtis;Offenhauser
1955.05.30;USA;Bill Homeier;F;1918.8.31;amerikai;5;;Kurtis Kraft;Kurtis;Offenhauser
1954.05.31;USA;Bill Homeier;F;1918.8.31;amerikai;;kiesett;Nichels;Kurtis;Offenhauser
1960.05.30;USA;Bill Homeier;F;1918.8.31;amerikai;13;;Kuzma;Kuzma;Offenhauser
1952.09.07;Olaszország;Charles de Tornaco;F;1927.6.7;belga;;kizárták;Ecurie Francorchamps;Ferrari;Ferrari
1952.06.22;Belgium;Charles de Tornaco;F;1927.6.7;belga;7;;Ecurie Francorchamps;Ferrari;Ferrari
1952.08.17;Hollandia;Charles de Tornaco;F;1927.6.7;belga;;motor;Ecurie Francorchamps;Ferrari;Ferrari
;;Roland Ratzenberger;F;1962.7.4;osztrák;;;;;
;;Chanoch Nissany;F;1963.7.29;izraeli;;;;;
;;Hans Binder;F;1948.6.12;osztrák;;;;;
;;Jean-Claude Rudaz;F;1942.7.23;svájci;;;;;
;;Norberto Fontana;F;1975.1.20;argentín;;;;;
1953.07.18;Nagy-Britannia;Ian Stewart;F;1929.7.15;brit;;motor;Ecurie Ecosse;Connaught;Lea
;;Sebastian Vettel;F;1987.7.3;német;;;;;
;;John Love;F;1924.12.7;dél-afrikai;;;;;
;;Paul Belmondo;F;1963.4.23;francia;;;;;
;;Johnny Dumfries;F;1958.4.26;brit;;;;;
;;Lorenzo Bandini;F;1935.12.21;olasz;;;;;
1960.05.30;USA;Dick Rathmann;F;1926.1.6;amerikai;;törés;Watson;Watson;Offenhauser
1958.05.30;USA;Dick Rathmann;F;1926.1.6;amerikai;;karambol;Watson;Watson;Offenhauser
1956.05.30;USA;Dick Rathmann;F;1926.1.6;amerikai;5;;Kurtis Kraft;Kurtis;Offenhauser
1950.05.30;USA;Dick Rathmann;F;1926.1.6;amerikai;;leállás;AJ Watson;Watson;Offenhauser
1959.05.30;USA;Dick Rathmann;F;1926.1.6;amerikai;;tûz;Watson;Watson;Offenhauser
;;Ricardo Londono-Bridge;F;1949.8.8;kolumbiai;;;;;
;;Philippe Alliot;F;1954.7.27;francia;;;;;
;;Emanuele Naspetti;F;1968.2.24;olasz;;;;;
1956.09.02;Olaszország;Roy Salvadori;F;1922.5.12;brit;11;;Gilby Engineering Ltd;Maserati;Maserati
1953.07.05;Franciaország;Roy Salvadori;F;1922.5.12;brit;;gyújtás;Connaught Engineering;Connaught;Lea
1959.07.05;Franciaország;Roy Salvadori;F;1922.5.12;brit;;dugattyú;High Efficiency Motors;Cooper;Maserati
1954.07.17;Nagy-Britannia;Roy Salvadori;F;1922.5.12;brit;;futómû;Gilby Engineering Ltd;Maserati;Maserati
1957.07.20;Nagy-Britannia;Roy Salvadori;F;1922.5.12;brit;5;;Cooper Car Company;Cooper;Climax
1960.07.16;Nagy-Britannia;Roy Salvadori;F;1922.5.12;brit;;kormány;David Brown Corporation;Aston;Aston
1958.08.03;Németország;Roy Salvadori;F;1922.5.12;brit;2;;Cooper Car Company;Cooper;Climax
1959.09.13;Olaszország;Roy Salvadori;F;1922.5.12;brit;;motor;David Brown Corporation;Aston;Aston
1953.06.07;Hollandia;Roy Salvadori;F;1922.5.12;brit;;motor;Connaught Engineering;Connaught;Lea
1960.11.20;USA;Roy Salvadori;F;1922.5.12;brit;8;;High Efficiency Motors;Cooper;Climax
1956.07.14;Nagy-Britannia;Roy Salvadori;F;1922.5.12;brit;;benzinnyomás;Gilby Engineering Ltd;Maserati;Maserati
1960.06.06;Hollandia;Roy Salvadori;F;1922.5.12;brit;;visszalépés;David Brown Corporation;Aston;Aston
1957.08.18;Olaszország;Roy Salvadori;F;1922.5.12;brit;;karambol;Cooper Car Company;Cooper;Climax
1958.06.15;Belgium;Roy Salvadori;F;1922.5.12;brit;8;;Cooper Car Company;Cooper;Climax
1955.07.16;Nagy-Britannia;Roy Salvadori;F;1922.5.12;brit;;sebességváltó;Gilby Engineering Ltd;Maserati;Maserati
1956.08.05;Németország;Roy Salvadori;F;1922.5.12;brit;;kiállás;Gilby Engineering Ltd;Maserati;Maserati
1958.07.06;Franciaország;Roy Salvadori;F;1922.5.12;brit;11;;Cooper Car Company;Cooper;Climax
1958.07.19;Nagy-Britannia;Roy Salvadori;F;1922.5.12;brit;3;;Cooper Car Company;Cooper;Climax
1958.08.24;Portugália;Roy Salvadori;F;1922.5.12;brit;10;;Cooper Car Company;Cooper;Climax
1958.09.07;Olaszország;Roy Salvadori;F;1922.5.12;brit;5;;Cooper Car Company;Cooper;Climax
1958.05.26;Hollandia;Roy Salvadori;F;1922.5.12;brit;4;;Cooper Car Company;Cooper;Climax
1953.08.02;Németország;Roy Salvadori;F;1922.5.12;brit;;motor;Connaught Engineering;Connaught;Lea
1952.07.19;Nagy-Britannia;Roy Salvadori;F;1922.5.12;brit;8;;G Caprara;Ferrari;Ferrari
1960.05.29;Monaco;Roy Salvadori;F;1922.5.12;brit;;túlhajtás;High Efficiency Motors;Cooper;Climax
1959.05.10;Monaco;Roy Salvadori;F;1922.5.12;brit;;futómû;High Efficiency Motors;Cooper;Maserati
1958.10.19;Marokkó;Roy Salvadori;F;1922.5.12;brit;7;;Cooper Car Company;Cooper;Climax
1959.05.31;Hollandia;Roy Salvadori;F;1922.5.12;brit;;túlhajtás;David Brown Corporation;Aston;Aston
1957.07.07;Franciaország;Roy Salvadori;F;1922.5.12;brit;;szelep;Vandervell Products Ltd;Vanwall;Vanwall
1957.05.19;Monaco;Roy Salvadori;F;1922.5.12;brit;;kizárták;Owen Racing Organisation;BRM;BRM
1957.08.04;Németország;Roy Salvadori;F;1922.5.12;brit;;kiállás;Cooper Car Company;Cooper;Climax
1959.08.23;Portugália;Roy Salvadori;F;1922.5.12;brit;6;;David Brown Corporation;Aston;Aston
1958.05.18;Monaco;Roy Salvadori;F;1922.5.12;brit;;sebességváltó;Cooper Car Company;Cooper;Climax
1954.07.04;Franciaország;Roy Salvadori;F;1922.5.12;brit;;futómû;Gilby Engineering Ltd;Maserati;Maserati
1959.07.18;Nagy-Britannia;Roy Salvadori;F;1922.5.12;brit;6;;David Brown Corporation;Aston;Aston
1959.12.12;USA;Roy Salvadori;F;1922.5.12;brit;;futómû;High Efficiency Motors;Cooper;Maserati
1953.09.13;Olaszország;Roy Salvadori;F;1922.5.12;brit;;gázadagoló;Connaught Engineering;Connaught;Lea
1953.07.18;Nagy-Britannia;Roy Salvadori;F;1922.5.12;brit;;kiállás;Connaught Engineering;Connaught;Lea
;;Martin Donnelly;F;1964.3.26;brit;;;;;
1959.05.30;USA;Chuck Arnold;F;1926.5.30;amerikai;15;;Leader Cards Inc;Kurtis;Offenhauser
;;Ukyo Katayama;F;1963.5.29;japán;;;;;
1952.05.18;Svájc;Ken Wharton;F;1916.3.21;brit;4;;Scuderia Franera;Frazer-Nash;Bristol
1955.09.11;Olaszország;Ken Wharton;F;1916.3.21;brit;;benzinbefecskendezõ;Vandervell Products Ltd;Vanwall;Vanwall
1954.08.22;Svájc;Ken Wharton;F;1916.3.21;brit;6;;Owen Racing Organisation;Maserati;Maserati
1953.06.07;Hollandia;Ken Wharton;F;1916.3.21;brit;;kiállás;;Cooper;Bristol
1953.07.05;Franciaország;Ken Wharton;F;1916.3.21;brit;;kerék;;Cooper;Bristol
1954.10.24;Spanyolország;Ken Wharton;F;1916.3.21;brit;8;;Owen Racing Organisation;Maserati;Maserati
1953.09.13;Olaszország;Ken Wharton;F;1916.3.21;brit;;nem teljesítette a távot;;Cooper;Bristol
1954.07.04;Franciaország;Ken Wharton;F;1916.3.21;brit;;futómû;Owen Racing Organisation;Maserati;Maserati
1953.07.18;Nagy-Britannia;Ken Wharton;F;1916.3.21;brit;8;;;Cooper;Bristol
1952.06.22;Belgium;Ken Wharton;F;1916.3.21;brit;;karambol;Scuderia Franera;Frazer-Nash;Bristol
1954.07.17;Nagy-Britannia;Ken Wharton;F;1916.3.21;brit;8;;Owen Racing Organisation;Maserati;Maserati
1952.08.17;Hollandia;Ken Wharton;F;1916.3.21;brit;;kerék;Scuderia Franera;Frazer-Nash;Bristol
1953.08.23;Svájc;Ken Wharton;F;1916.3.21;brit;7;;;Cooper;Bristol
1952.09.07;Olaszország;Ken Wharton;F;1916.3.21;brit;9;;Scuderia Franera;Cooper;Bristol
1955.07.16;Nagy-Britannia;Ken Wharton;F;1916.3.21;brit;9;;Vandervell Products Ltd;Vanwall;Vanwall
1954.08.01;Németország;Ken Wharton;F;1916.3.21;brit;;visszalépés;Owen Racing Organisation;Maserati;Maserati
;;Jonathan Palmer;F;1956.11.7;brit;;;;;
1953.08.02;Németország;Rudolf Krause;F;1907.3.30;német;14;;Dora Greifzu;BMW;BMW
1952.08.03;Németország;Rudolf Krause;F;1907.3.30;német;;kiesett;;BMW;BMW
1953.08.02;Németország;Karl-Guenther [Gunther] Bechem;F;1921.12.21;német;;kiesett;;AFM;BMW
;;Ryan Briscoe;F;1981.9.24;ausztrál;;;;;
1960.05.30;USA;Don Freeland;F;1925.3.25;amerikai;;gyújtás;Kurtis Kraft;Kurtis;Offenhauser
1959.05.30;USA;Don Freeland;F;1925.3.25;amerikai;;gyújtás;Leader Cards Inc;Kurtis;Offenhauser
1955.05.30;USA;Don Freeland;F;1925.3.25;amerikai;;futómû;Phillips;Phillips;Offenhauser
1953.05.30;USA;Don Freeland;F;1925.3.25;amerikai;;karambol;Bob Estes;Watson;Offenhauser
1954.05.31;USA;Don Freeland;F;1925.3.25;amerikai;7;;Phillips;Phillips;Offenhauser
1958.05.30;USA;Don Freeland;F;1925.3.25;amerikai;7;;Phillips;Phillips;Offenhauser
1957.05.30;USA;Don Freeland;F;1925.3.25;amerikai;17;;Kurtis Kraft;Kurtis;Offenhauser
1956.05.30;USA;Don Freeland;F;1925.3.25;amerikai;3;;Phillips;Phillips;Offenhauser
;;Jacques -Uncle- Villeneuve;F;1953.11.4;kanadai;;;;;
;;Peter Arundell;F;1933.11.8;brit;;;;;
1952.05.30;USA;George Fonder;F;1917.6.22;amerikai;15;;George Leitenberger;Sherman;Offenhauser
1954.05.31;USA;George Fonder;F;1917.6.22;amerikai;19;;Kurtis Kraft;Kurtis;Offenhauser
1954.05.31;USA;George Fonder;F;1917.6.22;amerikai;;kiesett;Schroeder;Kurtis;Offenhauser
;;Ricardo Rosset;F;1968.7.27;brazil;;;;;
;;Beppe Gabbiani;F;1957.1.2;olasz;;;;;
;;Mike Beuttler;F;1940.4.13;brit;;;;;
;;Gerry Ashmore;F;1936.7.25;brit;;;;;
;;Hap Sharp;F;1928.1.1;amerikai;;;;;
;;Andrea de Cesaris;F;1959.5.31;olasz;;;;;
1958.10.19;Marokkó;Phill Hill;F;1927.4.20;amerikai;3;;Scuderia Ferrari;Ferrari;Ferrari
1958.09.07;Olaszország;Phill Hill;F;1927.4.20;amerikai;3;;Scuderia Ferrari;Ferrari;Ferrari
1960.09.04;Olaszország;Phill Hill;F;1927.4.20;amerikai;1;;Scuderia Ferrari;Ferrari;Ferrari
1958.08.03;Németország;Phill Hill;F;1927.4.20;amerikai;9;;Scuderia Ferrari;Ferrari;Ferrari
1960.05.29;Monaco;Phill Hill;F;1927.4.20;amerikai;3;;Scuderia Ferrari;Ferrari;Ferrari
1960.11.20;USA;Phill Hill;F;1927.4.20;amerikai;6;;Yeoman Credit Racing Team;Cooper;Climax
1959.05.31;Hollandia;Phill Hill;F;1927.4.20;amerikai;6;;Scuderia Ferrari;Ferrari;Ferrari
1960.08.14;Portugália;Phill Hill;F;1927.4.20;amerikai;;karambol;Scuderia Ferrari;Ferrari;Ferrari
1960.06.19;Belgium;Phill Hill;F;1927.4.20;amerikai;4;;Scuderia Ferrari;Ferrari;Ferrari
1960.07.03;Franciaország;Phill Hill;F;1927.4.20;amerikai;;futómû;Scuderia Ferrari;Ferrari;Ferrari
1959.08.23;Portugália;Phill Hill;F;1927.4.20;amerikai;;karambol;Scuderia Ferrari;Ferrari;Ferrari
1960.02.07;Argentína;Phill Hill;F;1927.4.20;amerikai;8;;Scuderia Ferrari;Ferrari;Ferrari
1959.05.10;Monaco;Phill Hill;F;1927.4.20;amerikai;4;;Scuderia Ferrari;Ferrari;Ferrari
1960.06.06;Hollandia;Phill Hill;F;1927.4.20;amerikai;;motor;Scuderia Ferrari;Ferrari;Ferrari
1958.07.06;Franciaország;Phill Hill;F;1927.4.20;amerikai;7;;Joakim Bonnier Racing Team;Maserati;Maserati
1959.08.02;Németország;Phill Hill;F;1927.4.20;amerikai;3;;Scuderia Ferrari;Ferrari;Ferrari
1959.09.13;Olaszország;Phill Hill;F;1927.4.20;amerikai;2;;Scuderia Ferrari;Ferrari;Ferrari
1959.07.05;Franciaország;Phill Hill;F;1927.4.20;amerikai;2;;Scuderia Ferrari;Ferrari;Ferrari
1960.07.16;Nagy-Britannia;Phill Hill;F;1927.4.20;amerikai;7;;Scuderia Ferrari;Ferrari;Ferrari
1959.12.12;USA;Phill Hill;F;1927.4.20;amerikai;;kuplung;Scuderia Ferrari;Ferrari;Ferrari
;;Tommy Byrne;F;1958.5.6;ír;;;;;
;;Michele Alboreto;F;1956.12.23;olasz;;;;;
;;Enrique Bernoldi;F;1978.10.19;brazil;;;;;
;;Lella Lombardi;N;1943.3.26;olasz;;;;;
1950.05.13;Nagy-Britannia;Tony Rolt;F;1918.10.16;brit;;kiesett;;ERA;ERA
1955.07.16;Nagy-Britannia;Tony Rolt;F;1918.10.16;brit;;kiesett;Rob Walker Racing Team;Connaught;Alta
1953.07.18;Nagy-Britannia;Tony Rolt;F;1918.10.16;brit;;féltengely;Rob Walker Racing Team;Connaught;Lea
1954.09.05;Olaszország;Giovanni de Riu;F;1924.3.10;olasz;;kizárták;;Maserati;Maserati
;;Gus Hutchison;F;1937.4.26;amerikai;;;;;
1955.09.11;Olaszország;Luigi Piotti;F;1913.10.27;olasz;;motor;Scuderia Volpini;Arzani-Volpini;Maserati
1958.05.18;Monaco;Luigi Piotti;F;1913.10.27;olasz;;kizárták;OSCA Automobili;Osca;Osca
1956.09.02;Olaszország;Luigi Piotti;F;1913.10.27;olasz;6;;Luigi Piotti;Maserati;Maserati
1957.05.19;Monaco;Luigi Piotti;F;1913.10.27;olasz;;kizárták;;Maserati;Maserati
1956.08.05;Németország;Luigi Piotti;F;1913.10.27;olasz;;nem rajtolt el;Luigi Piotti;Maserati;Maserati
1957.08.18;Olaszország;Luigi Piotti;F;1913.10.27;olasz;;motor;;Maserati;Maserati
1957.01.13;Argentína;Luigi Piotti;F;1913.10.27;olasz;10;;;Maserati;Maserati
1957.09.08;Olaszország;Luigi Piotti;F;1913.10.27;olasz;;motor;;Maserati;Maserati
1956.01.22;Argentína;Luigi Piotti;F;1913.10.27;olasz;;karambol;Luigi Piotti;Maserati;Maserati
1959.07.18;Nagy-Britannia;Fritz d' Orey;F;1938.3.25;brazil;;karambol;Scuderia Centro Sud;Maserati;Maserati
1959.07.05;Franciaország;Fritz d' Orey;F;1938.3.25;brazil;10;;Scuderia Centro Sud;Maserati;Maserati
1959.12.12;USA;Fritz d' Orey;F;1938.3.25;brazil;;olajfolyás;Camoradi International;Tec-Mec;Maserati
;;Jackie Pretorius;F;1934.11.22;dél-afrikai;;;;;
;;Peter Gethin;F;1940.2.21;brit;;;;;
;;Nick Heidfeld;F;1977.5.10;német;;;;;
;;Dave Morgan;F;1944.8.7;brit;;;;;
1956.06.03;Belgium;Paul Frere;F;1917.1.30;belga;2;;Scuderia Ferrari;Lancia;Lancia
1953.06.21;Belgium;Paul Frere;F;1917.1.30;belga;10;;HW Motors;HWM;Alta
1952.08.17;Hollandia;Paul Frere;F;1917.1.30;belga;;sebességváltó;Ecurie Belge;Simca-Gordini;Gordini
1952.06.22;Belgium;Paul Frere;F;1917.1.30;belga;5;;HW Motors;HWM;Alta
1952.08.03;Németország;Paul Frere;F;1917.1.30;belga;;sebességváltó;HW Motors;HWM;Alta
1954.07.04;Franciaország;Paul Frere;F;1917.1.30;belga;;sebességváltó;Equipe Gordini;Gordini;Gordini
1955.06.05;Belgium;Paul Frere;F;1917.1.30;belga;4;;Scuderia Ferrari;Ferrari;Ferrari
1953.08.23;Svájc;Paul Frere;F;1917.1.30;belga;;motor;HW Motors;HWM;Alta
1954.06.20;Belgium;Paul Frere;F;1917.1.30;belga;;motor;Equipe Gordini;Gordini;Gordini
1954.08.01;Németország;Paul Frere;F;1917.1.30;belga;;kerék;Equipe Gordini;Gordini;Gordini
1955.05.22;Monaco;Paul Frere;F;1917.1.30;belga;8;;Scuderia Ferrari;Ferrari;Ferrari
;;Teddy Pilette;F;1942.7.26;belga;;;;;
1953.08.23;Svájc;Albert Scherrer;F;1908.2.28;svájci;9;;HW Motors;HWM;Alta
1960.02.07;Argentína;Roberto Bonomi;F;1919.9.30;argentín;11;;Scuderia Centro Sud;Cooper;Maserati
1951.05.30;USA;Carl Scarborough;F;1914.7.3;amerikai;;tengely;Lee Elkins;Kurtis;Offenhauser
1953.05.30;USA;Carl Scarborough;F;1914.7.3;amerikai;12;;Lee Elkins;Kurtis;Offenhauser
1952.07.19;Nagy-Britannia;Eric Thompson;F;1919.11.4;brit;5;;Connaught Engineering;Connaught;Lea
1959.07.18;Nagy-Britannia;Trevor Taylor;F;1936.12.26;brit;;kizárták;Ace Garage (Rotherdam);Cooper;Climax
;;Paddy Driver;F;1934.5.13;dél-afrikai;;;;;
;;Anthony Davidson;F;1979.4.18;brit;;;;;
;;Luis Perez-Sala;F;1959.5.15;spanyol;;;;;
;;Torsten Palm;F;1947.7.23;svéd;;;;;
;;Jean-Marc Gounon;F;1963.1.1;francia;;;;;
;;Silvio Moser;F;1941.4.24;svájci;;;;;
1956.08.05;Németország;Andre Milhoux;F;1928.12.9;belga;;motor;Equipe Gordini;Gordini;Gordini
1950.07.02;Franciaország;Louis Chiron;F;1899.8.3;monacoi;;motor;Officine Alfieri Maserati;Maserati;Maserati
1953.09.13;Olaszország;Louis Chiron;F;1899.8.3;monacoi;10;;;Osca;Osca
1951.09.16;Olaszország;Louis Chiron;F;1899.8.3;monacoi;;gyújtás;Ecurie Rosier;Talbot-Lago;Talbot
1958.05.18;Monaco;Louis Chiron;F;1899.8.3;monacoi;;kizárták;Andre Testut;Maserati;Maserati
1951.06.17;Belgium;Louis Chiron;F;1899.8.3;monacoi;;motor;Ecurie Rosier;Talbot-Lago;Talbot
1951.07.29;Németország;Louis Chiron;F;1899.8.3;monacoi;;motor;Ecurie Rosier;Talbot-Lago;Talbot
1951.07.14;Nagy-Britannia;Louis Chiron;F;1899.8.3;monacoi;;törés;Ecurie Rosier;Talbot-Lago;Talbot
1951.07.01;Franciaország;Louis Chiron;F;1899.8.3;monacoi;6;;Ecurie Rosier;Talbot-Lago;Talbot
1953.07.18;Nagy-Britannia;Louis Chiron;F;1899.8.3;monacoi;;nem rajtolt el;;Osca;Osca
1955.05.22;Monaco;Louis Chiron;F;1899.8.3;monacoi;6;;Scuderia Lancia;Lancia;Lancia
1953.07.05;Franciaország;Louis Chiron;F;1899.8.3;monacoi;15;;;Osca;Osca
1950.06.04;Svájc;Louis Chiron;F;1899.8.3;monacoi;9;;Officine Alfieri Maserati;Maserati;Maserati
1951.10.28;Spanyolország;Louis Chiron;F;1899.8.3;monacoi;;gyújtás;Ecurie Rosier;Talbot-Lago;Talbot
1950.05.21;Monaco;Louis Chiron;F;1899.8.3;monacoi;3;;Officine Alfieri Maserati;Maserati;Maserati
1951.05.27;Svájc;Louis Chiron;F;1899.8.3;monacoi;7;;Enrico Plate;Maserati;Maserati
1950.09.03;Olaszország;Louis Chiron;F;1899.8.3;monacoi;;olajnyomás;Officine Alfieri Maserati;Maserati;Maserati
1953.08.23;Svájc;Louis Chiron;F;1899.8.3;monacoi;;nem rajtolt el;;Osca;Osca
1950.05.13;Nagy-Britannia;Louis Chiron;F;1899.8.3;monacoi;;kuplung;Officine Alfieri Maserati;Maserati;Maserati
1956.05.13;Monaco;Louis Chiron;F;1899.8.3;monacoi;;motor;Scuderia Centro Sud;Maserati;Maserati
1960.05.29;Monaco;Dan Gurney;F;1931.4.13;amerikai;;nem teljesítette a távot;Owen Racing Organisation;BRM;BRM
1960.06.19;Belgium;Dan Gurney;F;1931.4.13;amerikai;;motor;Owen Racing Organisation;BRM;BRM
1959.08.02;Németország;Dan Gurney;F;1931.4.13;amerikai;2;;Scuderia Ferrari;Ferrari;Ferrari
1960.06.06;Hollandia;Dan Gurney;F;1931.4.13;amerikai;;karambol;Owen Racing Organisation;BRM;BRM
1959.07.05;Franciaország;Dan Gurney;F;1931.4.13;amerikai;;kõfelverõdés;Scuderia Ferrari;Ferrari;Ferrari
1959.09.13;Olaszország;Dan Gurney;F;1931.4.13;amerikai;4;;Scuderia Ferrari;Ferrari;Ferrari
1960.08.14;Portugália;Dan Gurney;F;1931.4.13;amerikai;;túlhajtás;Owen Racing Organisation;BRM;BRM
1960.07.16;Nagy-Britannia;Dan Gurney;F;1931.4.13;amerikai;10;;Owen Racing Organisation;BRM;BRM
1960.11.20;USA;Dan Gurney;F;1931.4.13;amerikai;;túlhajtás;Owen Racing Organisation;BRM;BRM
1960.07.03;Franciaország;Dan Gurney;F;1931.4.13;amerikai;;motor;Owen Racing Organisation;BRM;BRM
1959.08.23;Portugália;Dan Gurney;F;1931.4.13;amerikai;3;;Scuderia Ferrari;Ferrari;Ferrari
1956.07.14;Nagy-Britannia;Desmond Titterington;F;1928.5.1;brit;;nem azonosított;Connaught Engineering;Connaught;Alta
1960.09.04;Olaszország;Arthur Owen;F;1915.3.23;brit;;karambol;;Cooper;Climax
1954.10.24;Spanyolország;Emanuel de Graffenried;F;1914.5.18;svájci;;kiesett;Baron de Graffenried;Maserati;Maserati
1952.05.18;Svájc;Emanuel de Graffenried;F;1914.5.18;svájci;6;;Enrico Plate;Maserati;Plate
1951.10.28;Spanyolország;Emanuel de Graffenried;F;1914.5.18;svájci;6;;Alfa Romeo SpA;Alfa;Alfa
1952.09.07;Olaszország;Emanuel de Graffenried;F;1914.5.18;svájci;;kizárták;Enrico Plate;Maserati;Plate
1950.06.04;Svájc;Emanuel de Graffenried;F;1914.5.18;svájci;6;;;Maserati;Maserati
1953.07.05;Franciaország;Emanuel de Graffenried;F;1914.5.18;svájci;7;;;Maserati;Maserati
1953.07.18;Nagy-Britannia;Emanuel de Graffenried;F;1914.5.18;svájci;;kuplung;;Maserati;Maserati
1950.05.21;Monaco;Emanuel de Graffenried;F;1914.5.18;svájci;;karambol;;Maserati;Maserati
1953.09.13;Olaszország;Emanuel de Graffenried;F;1914.5.18;svájci;;motor;;Maserati;Maserati
1953.08.23;Svájc;Emanuel de Graffenried;F;1914.5.18;svájci;;vezérmûtengely;;Maserati;Maserati
1951.07.01;Franciaország;Emanuel de Graffenried;F;1914.5.18;svájci;;futómû;Enrico Plate;Maserati;Maserati
1954.01.17;Argentína;Emanuel de Graffenried;F;1914.5.18;svájci;8;;Baron de Graffenried;Maserati;Maserati
1956.09.02;Olaszország;Emanuel de Graffenried;F;1914.5.18;svájci;7;;Scuderia Centro Sud;Maserati;Maserati
1953.08.02;Németország;Emanuel de Graffenried;F;1914.5.18;svájci;5;;;Maserati;Maserati
1951.09.16;Olaszország;Emanuel de Graffenried;F;1914.5.18;svájci;;kompresszor;Alfa Romeo SpA;Alfa;Alfa
1951.05.27;Svájc;Emanuel de Graffenried;F;1914.5.18;svájci;5;;Alfa Romeo SpA;Alfa;Alfa
1952.07.19;Nagy-Britannia;Emanuel de Graffenried;F;1914.5.18;svájci;19;;Enrico Plate;Maserati;Plate
1953.06.21;Belgium;Emanuel de Graffenried;F;1914.5.18;svájci;4;;;Maserati;Maserati
1953.06.07;Hollandia;Emanuel de Graffenried;F;1914.5.18;svájci;5;;;Maserati;Maserati
1950.05.13;Nagy-Britannia;Emanuel de Graffenried;F;1914.5.18;svájci;;motor;;Maserati;Maserati
1952.07.06;Franciaország;Emanuel de Graffenried;F;1914.5.18;svájci;;kiesett;Enrico Plate;Maserati;Plate
1950.09.03;Olaszország;Emanuel de Graffenried;F;1914.5.18;svájci;6;;;Maserati;Maserati
1951.07.29;Németország;Emanuel de Graffenried;F;1914.5.18;svájci;;motor;Enrico Plate;Maserati;Maserati
;;Giorgio Mondini;F;1980.7.19;svájci;;;;;
;;Conny Andersson;F;1939.12.28;svéd;;;;;
1960.07.03;Franciaország;Gino Munaron;F;1928.4.2;olasz;;futómû;Scuderia Castellotti;Cooper;Castellotti
1960.05.29;Monaco;Gino Munaron;F;1928.4.2;olasz;;kizárták;Scuderia Castellotti;Cooper;Ferrari
1960.02.07;Argentína;Gino Munaron;F;1928.4.2;olasz;13;;;Maserati;Maserati
1960.07.16;Nagy-Britannia;Gino Munaron;F;1928.4.2;olasz;15;;Scuderia Castellotti;Cooper;Castellotti
1960.09.04;Olaszország;Gino Munaron;F;1928.4.2;olasz;;olajfolyás;Scuderia Castellotti;Cooper;Castellotti
;;Emanuele Pirro;F;1962.1.12;olasz;;;;;
1951.05.30;USA;Johnny McDowell;F;1915.1.29;amerikai;;benzinfolyás;Maserati;Maserati;Offenhauser
1950.05.30;USA;Johnny McDowell;F;1915.1.29;amerikai;18;;Pete Wales;Kurtis;Offenhauser
1952.05.30;USA;Johnny McDowell;F;1915.1.29;amerikai;21;;Roger Wolcott;Kurtis;Offenhauser
;;Gabriele Tarquini;F;1962.3.2;olasz;;;;;
1954.10.24;Spanyolország;Ottorino Volonterio;F;1917.12.7;svájci;;kiesett;Baron de Graffenried;Maserati;Maserati
1957.09.08;Olaszország;Ottorino Volonterio;F;1917.12.7;svájci;11;;Ottoronio Volonterio;Maserati;Maserati
1956.08.05;Németország;Ottorino Volonterio;F;1917.12.7;svájci;;nem teljesítette a távot;;Maserati;Maserati
;;Derek Daly;F;1953.3.11;ír;;;;;
;;Otto Stuppacher;F;1947.3.3;osztrák;;;;;
1953.08.02;Németország;Kurt Adolff;F;1921.11.5;német;;kiesett;Ecurie Espadon;Ferrari;Ferrari
;;Miguel-Angel Guerra;F;1953.8.31;argentín;;;;;
;;Kurt Kuhnke;F;1910.4.30;német;;;;;
;;Nicola Larini;F;1964.3.19;olasz;;;;;
1960.06.19;Belgium;Mike Taylor;F;1934.4.24;brit;;nem azonosított;Taylor-Crawley Racing Team;Lotus;Climax
1959.07.18;Nagy-Britannia;Mike Taylor;F;1934.4.24;brit;;futómû;Alan Brown Equipe;Cooper;Climax
1959.05.10;Monaco;Pete Lovely;F;1926.4.11;amerikai;;kizárták;Team Lotus;Lotus;Climax
1960.11.20;USA;Pete Lovely;F;1926.4.11;amerikai;11;;Fred Armbruster;Cooper;Ferrari
;;Jacques Villeneuve;F;1971.4.9;kanadai;;;;;
;;Luciano Burti;F;1975.5.3;brazil;;;;;
;;Tim Mayer;F;1938.2.22;amerikai;;;;;
;;Manfred Winkelhock;F;1952.10.6;német;;;;;
;;Andrea de Adamich;F;1941.10.3;olasz;;;;;
;;Doug Serrurier;F;1920.12.9;dél-afrikai;;;;;
;;Nelson Piquet;F;1952.8.17;brazil;;;;;
;;Vic Elford;F;1935.6.10;brit;;;;;
1959.05.30;USA;Johnny Thomson;F;1919.11.4;brit;3;;Lesovsky;Lesovsky;Offenhauser
1955.05.30;USA;Johnny Thomson;F;1919.11.4;brit;4;;Kuzma;Kuzma;Offenhauser
1953.05.30;USA;Johnny Thomson;F;1919.11.4;brit;;gyújtás;RN Sabourin;Del;Offenhauser
1958.05.30;USA;Johnny Thomson;F;1919.11.4;brit;;kormány;Kurtis Kraft;Kurtis;Offenhauser
1953.05.30;USA;Johnny Thomson;F;1919.11.4;brit;;kiesett;3L Racing Team;Del;Offenhauser
1960.05.30;USA;Johnny Thomson;F;1919.11.4;brit;5;;Lesovsky;Lesovsky;Offenhauser
1957.05.30;USA;Johnny Thomson;F;1919.11.4;brit;12;;Kuzma;Kuzma;Offenhauser
1956.05.30;USA;Johnny Thomson;F;1919.11.4;brit;;kicsúszás;Kuzma;Kuzma;Offenhauser
1954.05.31;USA;Johnny Thomson;F;1919.11.4;brit;;kiesett;Nichels;Nichels;Offenhauser
1959.07.18;Nagy-Britannia;Mike Parkes;F;1931.9.24;brit;;kizárták;David Fry;Fry;Climax
1953.08.02;Németország;Erwin Bauer;F;1912.7.17;német;;kiesett;;Veritas;Veritas
1954.05.31;USA;Ernie McCoy;F;1921.2.19;amerikai;16;;Kurtis Kraft;Kurtis;Offenhauser
1953.05.30;USA;Ernie McCoy;F;1921.2.19;amerikai;8;;HA Chapman;Stevens;Offenhauser
1958.05.18;Monaco;Ken Kavanagh;F;1923.12.12;ausztrál;;kizárták;Ken Kavanagh;Maserati;Maserati
1958.06.15;Belgium;Ken Kavanagh;F;1923.12.12;ausztrál;;motor;Ken Kavanagh;Maserati;Maserati
1952.08.03;Németország;Willi Krakau;F;1911.12.4;német;;nem rajtolt el;;AFM;BMW
1956.05.30;USA;Keith Andrews;F;1920.6.15;amerikai;;futómû;Kurtis Kraft;Kurtis;Offenhauser
1955.05.30;USA;Keith Andrews;F;1920.6.15;amerikai;;benzinpumpa;Schroeder;Schroeder;Offenhauser
;;Roberto Bussinello;F;1927.10.4;olasz;;;;;
1960.02.07;Argentína;Antonio Creus;F;1924.10.28;spanyol;;feladta;;Maserati;Maserati
1951.07.29;Németország;Yves Giraud-Cabantous;F;1903.10.8;francia;;karambol;;Talbot-Lago;Talbot
1953.09.13;Olaszország;Yves Giraud-Cabantous;F;1903.10.8;francia;15;;HW Motors;HWM;Alta
1951.10.28;Spanyolország;Yves Giraud-Cabantous;F;1903.10.8;francia;;túlhajtás;;Talbot-Lago;Talbot
1950.06.04;Svájc;Yves Giraud-Cabantous;F;1903.10.8;francia;;karambol;Automobiles Talbot-Darracq SA;Talbot-Lago;Talbot
1950.05.13;Nagy-Britannia;Yves Giraud-Cabantous;F;1903.10.8;francia;4;;Automobiles Talbot-Darracq SA;Talbot-Lago;Talbot
1952.07.06;Franciaország;Yves Giraud-Cabantous;F;1903.10.8;francia;10;;HW Motors;HWM;Alta
1953.07.05;Franciaország;Yves Giraud-Cabantous;F;1903.10.8;francia;14;;HW Motors;HWM;Alta
1951.07.01;Franciaország;Yves Giraud-Cabantous;F;1903.10.8;francia;7;;;Talbot-Lago;Talbot
1950.07.02;Franciaország;Yves Giraud-Cabantous;F;1903.10.8;francia;8;;Automobiles Talbot-Darracq SA;Talbot-Lago;Talbot
1951.06.17;Belgium;Yves Giraud-Cabantous;F;1903.10.8;francia;5;;;Talbot-Lago;Talbot
1951.09.16;Olaszország;Yves Giraud-Cabantous;F;1903.10.8;francia;8;;;Talbot-Lago;Talbot
1951.05.27;Svájc;Yves Giraud-Cabantous;F;1903.10.8;francia;;gyújtás;;Talbot-Lago;Talbot
1950.06.18;Belgium;Yves Giraud-Cabantous;F;1903.10.8;francia;;motor;Automobiles Talbot-Darracq SA;Talbot-Lago;Talbot
1956.08.05;Németország;Eugenio Castellotti;F;1930.10.10;olasz;;gyújtás;Scuderia Ferrari;Lancia;Lancia
1956.07.01;Franciaország;Eugenio Castellotti;F;1930.10.10;olasz;2;;Scuderia Ferrari;Lancia;Lancia
1957.01.13;Argentína;Eugenio Castellotti;F;1930.10.10;olasz;;elosztó;Scuderia Ferrari;Lancia;Lancia
1955.06.05;Belgium;Eugenio Castellotti;F;1930.10.10;olasz;;sebességváltó;Scuderia Lancia;Lancia;Lancia
1956.09.02;Olaszország;Eugenio Castellotti;F;1930.10.10;olasz;;defekt;Scuderia Ferrari;Lancia;Lancia
1956.09.02;Olaszország;Eugenio Castellotti;F;1930.10.10;olasz;8;;Scuderia Ferrari;Lancia;Lancia
1956.01.22;Argentína;Eugenio Castellotti;F;1930.10.10;olasz;;sebességváltó;Scuderia Ferrari;Lancia;Lancia
1955.01.16;Argentína;Eugenio Castellotti;F;1930.10.10;olasz;;kiesett;Scuderia Lancia;Lancia;Lancia
1956.08.05;Németország;Eugenio Castellotti;F;1930.10.10;olasz;;kiesett;Scuderia Ferrari;Lancia;Lancia
1955.07.16;Nagy-Britannia;Eugenio Castellotti;F;1930.10.10;olasz;6;;Scuderia Ferrari;Ferrari;Ferrari
1955.05.22;Monaco;Eugenio Castellotti;F;1930.10.10;olasz;2;;Scuderia Lancia;Lancia;Lancia
1956.07.14;Nagy-Britannia;Eugenio Castellotti;F;1930.10.10;olasz;10;;Scuderia Ferrari;Lancia;Lancia
1955.07.16;Nagy-Britannia;Eugenio Castellotti;F;1930.10.10;olasz;;futómû;Scuderia Ferrari;Ferrari;Ferrari
1955.06.19;Hollandia;Eugenio Castellotti;F;1930.10.10;olasz;5;;Scuderia Ferrari;Ferrari;Ferrari
1956.05.13;Monaco;Eugenio Castellotti;F;1930.10.10;olasz;4;;Scuderia Ferrari;Lancia;Lancia
1955.09.11;Olaszország;Eugenio Castellotti;F;1930.10.10;olasz;3;;Scuderia Ferrari;Ferrari;Ferrari
1956.05.13;Monaco;Eugenio Castellotti;F;1930.10.10;olasz;;kuplung;Scuderia Ferrari;Lancia;Lancia
1956.06.03;Belgium;Eugenio Castellotti;F;1930.10.10;olasz;;futómû;Scuderia Ferrari;Lancia;Lancia
;;Niki Lauda;F;1949.2.22;osztrák;;;;;
;;Tim Schenken;F;1943.9.26;ausztrál;;;;;
1956.06.03;Belgium;Andre Pilette;F;1918.10.6;belga;6;;Scuderia Ferrari;Lancia;Lancia
1951.06.17;Belgium;Andre Pilette;F;1918.10.6;belga;6;;Ecurie Belgique;Talbot-Lago;Talbot
1953.06.21;Belgium;Andre Pilette;F;1918.10.6;belga;11;;Ecurie Belge;Connaught;Lea
1954.07.17;Nagy-Britannia;Andre Pilette;F;1918.10.6;belga;9;;Equipe Gordini;Gordini;Gordini
1956.05.13;Monaco;Andre Pilette;F;1918.10.6;belga;6;;Equipe Gordini;Gordini;Gordini
1956.07.01;Franciaország;Andre Pilette;F;1918.10.6;belga;11;;Equipe Gordini;Gordini;Gordini
1954.06.20;Belgium;Andre Pilette;F;1918.10.6;belga;5;;Equipe Gordini;Gordini;Gordini
1954.08.01;Németország;Andre Pilette;F;1918.10.6;belga;;sebességváltó;Equipe Gordini;Gordini;Gordini
1956.08.05;Németország;Andre Pilette;F;1918.10.6;belga;;karambol;Equipe Gordini;Gordini;Gordini
;;Antonio Pizzonia;F;1980.9.11;brazil;;;;;
;;Vittorio Brambilla;F;1937.11.11;olasz;;;;;
;;Christian Danner;F;1958.4.4;német;;;;;
1958.08.03;Németország;Christian Goethals;F;1928.8.4;belga;;benzinpumpa;Ecurie Eperon d'Or;Cooper;Climax
;;Jarno Trulli;F;1974.7.13;olasz;;;;;
;;Giorgio Pantano;F;1979.2.4;olasz;;;;;
1960.05.30;USA;Jim Hurtubise;F;1933.12.5;amerikai;;motor;Christensen;Christensen;Offenhauser
1951.09.16;Olaszország;Robert Manzon;F;1917.4.12;francia;;motor;Equipe Gordini;Simca-Gordini;Simca-Gordini
1954.09.05;Olaszország;Robert Manzon;F;1917.4.12;francia;;motor;Ecurie Rosier;Ferrari;Ferrari
1954.07.17;Nagy-Britannia;Robert Manzon;F;1917.4.12;francia;;hengerfej;Ecurie Rosier;Ferrari;Ferrari
1954.10.24;Spanyolország;Robert Manzon;F;1917.4.12;francia;;motor;Ecurie Rosier;Ferrari;Ferrari
1956.05.13;Monaco;Robert Manzon;F;1917.4.12;francia;;karambol;Equipe Gordini;Gordini;Gordini
1952.09.07;Olaszország;Robert Manzon;F;1917.4.12;francia;14;;Equipe Gordini;Gordini;Gordini
1956.08.05;Németország;Robert Manzon;F;1917.4.12;francia;;kiállás;Equipe Gordini;Gordini;Gordini
1955.05.22;Monaco;Robert Manzon;F;1917.4.12;francia;;sebességváltó;Equipe Gordini;Gordini;Gordini
1952.06.22;Belgium;Robert Manzon;F;1917.4.12;francia;3;;Equipe Gordini;Gordini;Gordini
1952.07.06;Franciaország;Robert Manzon;F;1917.4.12;francia;4;;Equipe Gordini;Gordini;Gordini
1955.06.19;Hollandia;Robert Manzon;F;1917.4.12;francia;;sebességváltó;Equipe Gordini;Gordini;Gordini
1950.05.21;Monaco;Robert Manzon;F;1917.4.12;francia;;karambol;Equipe Gordini;Simca-Gordini;Simca-Gordini
1954.08.01;Németország;Robert Manzon;F;1917.4.12;francia;9;;Ecurie Rosier;Ferrari;Ferrari
1952.07.19;Nagy-Britannia;Robert Manzon;F;1917.4.12;francia;;kuplung;Equipe Gordini;Gordini;Gordini
1953.01.18;Argentína;Robert Manzon;F;1917.4.12;francia;;kerék;Equipe Gordini;Gordini;Gordini
1951.07.29;Németország;Robert Manzon;F;1917.4.12;francia;7;;Equipe Gordini;Simca-Gordini;Simca-Gordini
1952.08.03;Németország;Robert Manzon;F;1917.4.12;francia;;karambol;Equipe Gordini;Gordini;Gordini
1950.07.02;Franciaország;Robert Manzon;F;1917.4.12;francia;4;;Equipe Gordini;Simca-Gordini;Simca-Gordini
1956.09.02;Olaszország;Robert Manzon;F;1917.4.12;francia;;sebességváltó;Equipe Gordini;Gordini;Gordini
1952.08.17;Hollandia;Robert Manzon;F;1917.4.12;francia;5;;Equipe Gordini;Gordini;Gordini
1954.07.04;Franciaország;Robert Manzon;F;1917.4.12;francia;3;;Ecurie Rosier;Ferrari;Ferrari
1956.07.14;Nagy-Britannia;Robert Manzon;F;1917.4.12;francia;9;;Equipe Gordini;Gordini;Gordini
1955.07.16;Nagy-Britannia;Robert Manzon;F;1917.4.12;francia;;futómû;Equipe Gordini;Gordini;Gordini
1951.10.28;Spanyolország;Robert Manzon;F;1917.4.12;francia;9;;Equipe Gordini;Simca-Gordini;Simca-Gordini
1954.08.22;Svájc;Robert Manzon;F;1917.4.12;francia;;karambol;Scuderia Ferrari;Ferrari;Ferrari
1951.07.01;Franciaország;Robert Manzon;F;1917.4.12;francia;;motor;Equipe Gordini;Simca-Gordini;Simca-Gordini
1952.05.18;Svájc;Robert Manzon;F;1917.4.12;francia;;hûtés;Equipe Gordini;Gordini;Gordini
1950.09.03;Olaszország;Robert Manzon;F;1917.4.12;francia;;futómû;Equipe Gordini;Simca-Gordini;Simca-Gordini
1956.07.01;Franciaország;Robert Manzon;F;1917.4.12;francia;9;;Equipe Gordini;Gordini;Gordini
;;Johnny Cecotto;F;1956.1.25;venezuelai;;;;;
1958.08.03;Németország;Ian Burgess;F;1930.7.6;brit;7;;High Efficiency Motors;Cooper;Climax
1960.05.29;Monaco;Ian Burgess;F;1930.7.6;brit;;kizárták;Scuderia Centro Sud;Cooper;Climax
1960.07.16;Nagy-Britannia;Ian Burgess;F;1930.7.6;brit;;motor;Scuderia Centro Sud;Cooper;Maserati
1959.07.18;Nagy-Britannia;Ian Burgess;F;1930.7.6;brit;;futómû;Scuderia Centro Sud;Cooper;Maserati
1959.09.13;Olaszország;Ian Burgess;F;1930.7.6;brit;14;;Scuderia Centro Sud;Cooper;Maserati
1960.07.03;Franciaország;Ian Burgess;F;1930.7.6;brit;10;;Scuderia Centro Sud;Cooper;Maserati
1958.07.19;Nagy-Britannia;Ian Burgess;F;1930.7.6;brit;;kuplung;Cooper Car Company;Cooper;Climax
1959.08.02;Németország;Ian Burgess;F;1930.7.6;brit;6;;Scuderia Centro Sud;Cooper;Maserati
1960.11.20;USA;Ian Burgess;F;1930.7.6;brit;;gyújtás;Scuderia Centro Sud;Cooper;Maserati
1959.07.05;Franciaország;Ian Burgess;F;1930.7.6;brit;;motor;Scuderia Centro Sud;Cooper;Maserati
1950.05.30;USA;Myron Fohr;F;1912.6.12;amerikai;11;;Carl Marchese;Marchese;Offenhauser
1958.05.18;Monaco;Peter Collins;F;1931.11.8;brit;3;;Scuderia Ferrari;Ferrari;Ferrari
1956.09.02;Olaszország;Peter Collins;F;1931.11.8;brit;2;;Scuderia Ferrari;Lancia;Lancia
1956.01.22;Argentína;Peter Collins;F;1931.11.8;brit;;karambol;Scuderia Ferrari;Ferrari;Ferrari
1952.09.07;Olaszország;Peter Collins;F;1931.11.8;brit;;kizárták;HW Motors;HWM;Alta
1955.07.16;Nagy-Britannia;Peter Collins;F;1931.11.8;brit;;kuplung;Owen Racing Organisation;Maserati;Maserati
1958.01.19;Argentína;Peter Collins;F;1931.11.8;brit;;sebességváltó;Scuderia Ferrari;Ferrari;Ferrari
1958.07.06;Franciaország;Peter Collins;F;1931.11.8;brit;5;;Scuderia Ferrari;Ferrari;Ferrari
1958.08.03;Németország;Peter Collins;F;1931.11.8;brit;;karambol;Scuderia Ferrari;Ferrari;Ferrari
1956.06.03;Belgium;Peter Collins;F;1931.11.8;brit;1;;Scuderia Ferrari;Lancia;Lancia
1957.01.13;Argentína;Peter Collins;F;1931.11.8;brit;6;;Scuderia Ferrari;Lancia;Lancia
1954.07.17;Nagy-Britannia;Peter Collins;F;1931.11.8;brit;;motor;G A Vandervell;Vanwall;Vanwall
1952.08.03;Németország;Peter Collins;F;1931.11.8;brit;;motor;HW Motors;HWM;Alta
1958.07.19;Nagy-Britannia;Peter Collins;F;1931.11.8;brit;1;;Scuderia Ferrari;Ferrari;Ferrari
1952.07.19;Nagy-Britannia;Peter Collins;F;1931.11.8;brit;;gyújtás;HW Motors;HWM;Alta
1958.05.26;Hollandia;Peter Collins;F;1931.11.8;brit;;kicsúszás;Scuderia Ferrari;Ferrari;Ferrari
1956.08.05;Németország;Peter Collins;F;1931.11.8;brit;;benzinfolyás;Scuderia Ferrari;Lancia;Lancia
1957.01.13;Argentína;Peter Collins;F;1931.11.8;brit;;kuplung;Scuderia Ferrari;Lancia;Lancia
1957.05.19;Monaco;Peter Collins;F;1931.11.8;brit;;karambol;Scuderia Ferrari;Lancia;Lancia
1952.05.18;Svájc;Peter Collins;F;1931.11.8;brit;;karambol;HW Motors;HWM;Alta
1953.06.21;Belgium;Peter Collins;F;1931.11.8;brit;;kuplung;HW Motors;HWM;Alta
1954.10.24;Spanyolország;Peter Collins;F;1931.11.8;brit;;karambol;G A Vandervell;Vanwall;Vanwall
1957.09.08;Olaszország;Peter Collins;F;1931.11.8;brit;;motor;Scuderia Ferrari;Lancia;Lancia
1957.07.07;Franciaország;Peter Collins;F;1931.11.8;brit;3;;Scuderia Ferrari;Lancia;Lancia
1956.05.13;Monaco;Peter Collins;F;1931.11.8;brit;2;;Scuderia Ferrari;Lancia;Lancia
1956.07.14;Nagy-Britannia;Peter Collins;F;1931.11.8;brit;;olajnyomás;Scuderia Ferrari;Lancia;Lancia
1952.06.22;Belgium;Peter Collins;F;1931.11.8;brit;;féltengely;HW Motors;HWM;Alta
1955.09.11;Olaszország;Peter Collins;F;1931.11.8;brit;;kiállás;Officine Alfieri Maserati;Maserati;Maserati
1954.09.05;Olaszország;Peter Collins;F;1931.11.8;brit;7;;G A Vandervell;Vanwall;Vanwall
1956.07.14;Nagy-Britannia;Peter Collins;F;1931.11.8;brit;2;;Scuderia Ferrari;Lancia;Lancia
1953.06.07;Hollandia;Peter Collins;F;1931.11.8;brit;8;;HW Motors;HWM;Alta
1958.06.15;Belgium;Peter Collins;F;1931.11.8;brit;;túlhajtás;Scuderia Ferrari;Ferrari;Ferrari
1956.07.01;Franciaország;Peter Collins;F;1931.11.8;brit;1;;Scuderia Ferrari;Lancia;Lancia
1957.07.20;Nagy-Britannia;Peter Collins;F;1931.11.8;brit;4;;Scuderia Ferrari;Lancia;Lancia
1957.07.20;Nagy-Britannia;Peter Collins;F;1931.11.8;brit;;hûtés;Scuderia Ferrari;Lancia;Lancia
1957.08.04;Németország;Peter Collins;F;1931.11.8;brit;3;;Scuderia Ferrari;Lancia;Lancia
1953.07.05;Franciaország;Peter Collins;F;1931.11.8;brit;13;;HW Motors;HWM;Alta
1952.07.06;Franciaország;Peter Collins;F;1931.11.8;brit;6;;HW Motors;HWM;Alta
1953.07.18;Nagy-Britannia;Peter Collins;F;1931.11.8;brit;;karambol;HW Motors;HWM;Alta
1956.08.05;Németország;Peter Collins;F;1931.11.8;brit;;kiesett;Scuderia Ferrari;Lancia;Lancia
;;Mike Wilds;F;1946.1.7;brit;;;;;
1951.09.16;Olaszország;Ken Richardson;F;1911.8.21;brit;;rossz licenc;British Racing Motors Ltd;BRM;BRM
1953.05.30;USA;Jackie Holmes;F;1920.9.4;amerikai;;kiesett;3L Racing Team;Kurtis;Offenhauser
1950.05.30;USA;Jackie Holmes;F;1920.9.4;amerikai;23;;Norm Olson;Olson;Offenhauser
1960.09.04;Olaszország;Piero Drogo;F;1926.8.8;venezuelai;8;;Scuderia Colonia;Cooper;Climax
;;Rob Schroeder;F;1926.5.11;amerikai;;;;;
;;Pedro Lamy;F;1972.3.20;portugál;;;;;
1954.09.05;Olaszország;Jean Behra;F;1921.2.16;francia;;motor;Equipe Gordini;Gordini;Gordini
1952.05.18;Svájc;Jean Behra;F;1921.2.16;francia;3;;Equipe Gordini;Gordini;Gordini
1955.06.19;Hollandia;Jean Behra;F;1921.2.16;francia;6;;Officine Alfieri Maserati;Maserati;Maserati
1954.08.22;Svájc;Jean Behra;F;1921.2.16;francia;;kuplung;Equipe Gordini;Gordini;Gordini
1959.08.02;Németország;Jean Behra;F;1921.2.16;francia;;karambol;;Behra-Porsche;Porsche
1957.07.20;Nagy-Britannia;Jean Behra;F;1921.2.16;francia;;kuplung;Officine Alfieri Maserati;Maserati;Maserati
1955.01.16;Argentína;Jean Behra;F;1921.2.16;francia;;karambol;Officine Alfieri Maserati;Maserati;Maserati
1954.07.04;Franciaország;Jean Behra;F;1921.2.16;francia;6;;Equipe Gordini;Gordini;Gordini
1958.05.18;Monaco;Jean Behra;F;1921.2.16;francia;;törés;Owen Racing Organisation;BRM;BRM
1959.05.31;Hollandia;Jean Behra;F;1921.2.16;francia;5;;Scuderia Ferrari;Ferrari;Ferrari
1957.08.04;Németország;Jean Behra;F;1921.2.16;francia;6;;Officine Alfieri Maserati;Maserati;Maserati
1958.07.06;Franciaország;Jean Behra;F;1921.2.16;francia;;benzinpumpa;Owen Racing Organisation;BRM;BRM
1958.01.19;Argentína;Jean Behra;F;1921.2.16;francia;5;;Ken Kavanagh;Maserati;Maserati
1959.05.10;Monaco;Jean Behra;F;1921.2.16;francia;;motor;Scuderia Ferrari;Ferrari;Ferrari
1955.06.05;Belgium;Jean Behra;F;1921.2.16;francia;;karambol;Officine Alfieri Maserati;Maserati;Maserati
1957.08.18;Olaszország;Jean Behra;F;1921.2.16;francia;;olajfolyás;Officine Alfieri Maserati;Maserati;Maserati
1952.06.22;Belgium;Jean Behra;F;1921.2.16;francia;;karambol;Equipe Gordini;Gordini;Gordini
1958.07.19;Nagy-Britannia;Jean Behra;F;1921.2.16;francia;;defekt;Owen Racing Organisation;BRM;BRM
1955.06.05;Belgium;Jean Behra;F;1921.2.16;francia;5;;Officine Alfieri Maserati;Maserati;Maserati
1954.07.17;Nagy-Britannia;Jean Behra;F;1921.2.16;francia;;sebességváltó;Equipe Gordini;Gordini;Gordini
1953.07.18;Nagy-Britannia;Jean Behra;F;1921.2.16;francia;;benzinpumpa;Equipe Gordini;Gordini;Gordini
1953.08.02;Németország;Jean Behra;F;1921.2.16;francia;;sebességváltó;Equipe Gordini;Gordini;Gordini
1958.08.03;Németország;Jean Behra;F;1921.2.16;francia;;kiállás;Owen Racing Organisation;BRM;BRM
1954.06.20;Belgium;Jean Behra;F;1921.2.16;francia;;kiállás;Equipe Gordini;Gordini;Gordini
1952.08.03;Németország;Jean Behra;F;1921.2.16;francia;5;;Equipe Gordini;Gordini;Gordini
1952.07.06;Franciaország;Jean Behra;F;1921.2.16;francia;7;;Equipe Gordini;Gordini;Gordini
1956.01.22;Argentína;Jean Behra;F;1921.2.16;francia;2;;Officine Alfieri Maserati;Maserati;Maserati
1957.01.13;Argentína;Jean Behra;F;1921.2.16;francia;2;;Officine Alfieri Maserati;Maserati;Maserati
1957.07.07;Franciaország;Jean Behra;F;1921.2.16;francia;5;;Officine Alfieri Maserati;Maserati;Maserati
1957.09.08;Olaszország;Jean Behra;F;1921.2.16;francia;;túlhajtás;Officine Alfieri Maserati;Maserati;Maserati
1955.05.22;Monaco;Jean Behra;F;1921.2.16;francia;;kiesett;Officine Alfieri Maserati;Maserati;Maserati
1956.06.03;Belgium;Jean Behra;F;1921.2.16;francia;7;;Officine Alfieri Maserati;Maserati;Maserati
1955.01.16;Argentína;Jean Behra;F;1921.2.16;francia;;kiesett;Officine Alfieri Maserati;Maserati;Maserati
1958.05.26;Hollandia;Jean Behra;F;1921.2.16;francia;3;;Owen Racing Organisation;BRM;BRM
1956.09.02;Olaszország;Jean Behra;F;1921.2.16;francia;;gyújtás;Officine Alfieri Maserati;Maserati;Maserati
1956.07.01;Franciaország;Jean Behra;F;1921.2.16;francia;3;;Officine Alfieri Maserati;Maserati;Maserati
1955.07.16;Nagy-Britannia;Jean Behra;F;1921.2.16;francia;;olajfolyás;Officine Alfieri Maserati;Maserati;Maserati
1958.09.07;Olaszország;Jean Behra;F;1921.2.16;francia;;sebességváltó;Owen Racing Organisation;BRM;BRM
1953.01.18;Argentína;Jean Behra;F;1921.2.16;francia;6;;Equipe Gordini;Gordini;Gordini
1954.10.24;Spanyolország;Jean Behra;F;1921.2.16;francia;;törés;Equipe Gordini;Gordini;Gordini
1956.07.14;Nagy-Britannia;Jean Behra;F;1921.2.16;francia;3;;Officine Alfieri Maserati;Maserati;Maserati
1955.05.22;Monaco;Jean Behra;F;1921.2.16;francia;3;;Officine Alfieri Maserati;Maserati;Maserati
1954.08.01;Németország;Jean Behra;F;1921.2.16;francia;10;;Equipe Gordini;Gordini;Gordini
1953.08.23;Svájc;Jean Behra;F;1921.2.16;francia;;olajnyomás;Equipe Gordini;Gordini;Gordini
1956.05.13;Monaco;Jean Behra;F;1921.2.16;francia;3;;Officine Alfieri Maserati;Maserati;Maserati
1953.07.05;Franciaország;Jean Behra;F;1921.2.16;francia;10;;Equipe Gordini;Gordini;Gordini
1956.08.05;Németország;Jean Behra;F;1921.2.16;francia;3;;Officine Alfieri Maserati;Maserati;Maserati
1952.09.07;Olaszország;Jean Behra;F;1921.2.16;francia;;motor;Equipe Gordini;Gordini;Gordini
1955.01.16;Argentína;Jean Behra;F;1921.2.16;francia;6;;Officine Alfieri Maserati;Maserati;Maserati
1953.06.21;Belgium;Jean Behra;F;1921.2.16;francia;;motor;Equipe Gordini;Gordini;Gordini
1958.06.15;Belgium;Jean Behra;F;1921.2.16;francia;;olajnyomás;Owen Racing Organisation;BRM;BRM
1952.08.17;Hollandia;Jean Behra;F;1921.2.16;francia;;karburátor;Equipe Gordini;Gordini;Gordini
1956.09.02;Olaszország;Jean Behra;F;1921.2.16;francia;;kiesett;Officine Alfieri Maserati;Maserati;Maserati
1955.09.11;Olaszország;Jean Behra;F;1921.2.16;francia;4;;Officine Alfieri Maserati;Maserati;Maserati
1958.08.24;Portugália;Jean Behra;F;1921.2.16;francia;4;;Owen Racing Organisation;BRM;BRM
1958.10.19;Marokkó;Jean Behra;F;1921.2.16;francia;;motor;Owen Racing Organisation;BRM;BRM
1954.01.17;Argentína;Jean Behra;F;1921.2.16;francia;;pályaelhagyás;Equipe Gordini;Gordini;Gordini
1959.07.05;Franciaország;Jean Behra;F;1921.2.16;francia;;dugattyú;Scuderia Ferrari;Ferrari;Ferrari
1960.11.20;USA;Henry Taylor;F;1932.12.16;brit;14;;Yeoman Credit Racing Team;Cooper;Climax
1959.07.18;Nagy-Britannia;Henry Taylor;F;1932.12.16;brit;11;;Cooper Car Company;Cooper;Climax
1960.07.03;Franciaország;Henry Taylor;F;1932.12.16;brit;4;;Yeoman Credit Racing Team;Cooper;Climax
1960.08.14;Portugália;Henry Taylor;F;1932.12.16;brit;;nem azonosított;Yeoman Credit Racing Team;Cooper;Climax
1960.06.06;Hollandia;Henry Taylor;F;1932.12.16;brit;7;;Yeoman Credit Racing Team;Cooper;Climax
1960.07.16;Nagy-Britannia;Henry Taylor;F;1932.12.16;brit;8;;Yeoman Credit Racing Team;Cooper;Climax
;;Alessandro Nannini;F;1959.7.7;olasz;;;;;
;;Bill Brack;F;1935.12.26;kanadai;;;;;
1960.05.30;USA;Wayne Weiler;F;1934.12.9;amerikai;;karambol;Epperly;Epperly;Offenhauser
1960.05.30;USA;Don Branson;F;1920.6.6;amerikai;4;;Phillips;Phillips;Offenhauser
1959.05.30;USA;Don Branson;F;1920.6.6;amerikai;;kiállás;Phillips;Phillips;Offenhauser
;;Mike Hailwood;F;1940.4.2;brit;;;;;
1952.08.03;Németország;Bernd Nacke;F;1921.12.21;német;;gyújtás;BMW;BMW;BMW
;;Allan McNish;F;1969.12.29;skót;;;;;
;;Stephane Sarrazin;F;1974.11.2;francia;;;;;
;;Chico Serra;F;1957.2.3;brazil;;;;;
1953.09.13;Olaszország;Piero Carini;F;1921.3.6;olasz;;motor;Scuderia Ferrari;Ferrari;Ferrari
1952.08.03;Németország;Piero Carini;F;1921.3.6;olasz;;törés;Scuderia Marzotto;Ferrari;Ferrari
1952.07.06;Franciaország;Piero Carini;F;1921.3.6;olasz;;motor;Scuderia Marzotto;Ferrari;Ferrari
;;Timo Glock;F;1982.3.10;német;;;;;
1959.07.18;Nagy-Britannia;Keith Greene;F;1938.1.5;brit;;kizárták;Gilby Engineering Ltd;Cooper;Climax
1960.07.16;Nagy-Britannia;Keith Greene;F;1938.1.5;brit;;túlhajtás;Gilby Engineering Co Ltd;Cooper;Maserati
;;Pierluigi Martini;F;1961.4.23;olasz;;;;;
;;Ignazio Giunti;F;1941.8.30;olasz;;;;;
1958.05.30;USA;Bill Cheesbourg;F;1927.6.12;amerikai;10;;Kurtis Kraft;Kurtis;Novi
1959.05.30;USA;Bill Cheesbourg;F;1927.6.12;amerikai;;gyújtás;Kuzma;Kuzma;Offenhauser
1957.05.30;USA;Bill Cheesbourg;F;1927.6.12;amerikai;;benzinfolyás;Kurtis Kraft;Kurtis;Offenhauser
1953.05.30;USA;Manny [Manuel] Ayulo;F;1921.10.20;amerikai;13;;Peter Schmidt;Kuzma;Offenhauser
1951.05.30;USA;Manny [Manuel] Ayulo;F;1921.10.20;amerikai;3;;Jack Hinkle;Kurtis;Offenhauser
1954.05.31;USA;Manny [Manuel] Ayulo;F;1921.10.20;amerikai;13;;Kuzma;Kuzma;Offenhauser
1952.05.30;USA;Manny [Manuel] Ayulo;F;1921.10.20;amerikai;20;;Coast Grain Co;Lesovsky;Offenhauser
1952.08.17;Hollandia;Dries van der Lof;F;1919.8.23;holland;;nem teljesítette a távot;HW Motors;HWM;Alta
1950.06.04;Svájc;Raymond Sommer;F;1906.8.31;francia;;kiállás;Scuderia Ferrari;Ferrari;Ferrari
1950.06.18;Belgium;Raymond Sommer;F;1906.8.31;francia;;motor;;Talbot-Lago;Talbot
1950.09.03;Olaszország;Raymond Sommer;F;1906.8.31;francia;;sebességváltó;;Talbot-Lago;Talbot
1950.07.02;Franciaország;Raymond Sommer;F;1906.8.31;francia;;motor;Automobiles Talbot-Darracq SA;Talbot-Lago;Talbot
1950.05.21;Monaco;Raymond Sommer;F;1906.8.31;francia;4;;Scuderia Ferrari;Ferrari;Ferrari
;;Roger Penske;F;1937.2.20;amerikai;;;;;
1951.07.01;Franciaország;Aldo Gordini;F;1921.5.20;francia;;motor;Equipe Gordini;Simca-Gordini;Simca-Gordini
;;Patrick Gaillard;F;1952.2.12;francia;;;;;
;;Brian Henton;F;1946.9.19;brit;;;;;
;;Franco Forini;F;1958.9.22;svájci;;;;;
;;Eric van de Poele;F;1961.9.30;belga;;;;;
;;Paul Hawkins;F;1937.10.12;ausztrál;;;;;
;;Mike Thackwell;F;1961.3.30;új-zélandi;;;;;
;;Rene Arnoux;F;1948.7.4;francia;;;;;
;;Eddie Irvine;F;1965.11.10;brit;;;;;
;;Raul Boesel;F;1957.12.4;brazil;;;;;
1950.05.30;USA;Bayliss Levrett;F;1913.2.14;amerikai;;kiesett;Richard Palmer;Adams;Offenhauser
;;Michael Andretti;F;1962.10.5;amerikai;;;;;
1952.05.30;USA;Jimmy Bryan;F;1927.1.28;amerikai;6;;Peter Schmidt;Kurtis;Offenhauser
1959.05.30;USA;Jimmy Bryan;F;1927.1.28;amerikai;;motor;Epperly;Epperly;Offenhauser
1957.05.30;USA;Jimmy Bryan;F;1927.1.28;amerikai;3;;Kuzma;Kuzma;Offenhauser
1958.05.30;USA;Jimmy Bryan;F;1927.1.28;amerikai;1;;Epperly;Epperly;Offenhauser
1960.05.30;USA;Jimmy Bryan;F;1927.1.28;amerikai;;benzinpumpa;Epperly;Epperly;Offenhauser
1956.05.30;USA;Jimmy Bryan;F;1927.1.28;amerikai;19;;Kuzma;Kuzma;Offenhauser
1954.05.31;USA;Jimmy Bryan;F;1927.1.28;amerikai;2;;Kuzma;Kuzma;Offenhauser
1953.05.30;USA;Jimmy Bryan;F;1927.1.28;amerikai;14;;John MacDaniel;Schroeder;Offenhauser
1955.05.30;USA;Jimmy Bryan;F;1927.1.28;amerikai;;benzinpumpa;Kuzma;Kuzma;Offenhauser
1950.05.30;USA;Lee Wallard;F;1911.9.8;amerikai;6;;Lou Moore;Moore;Offenhauser
1951.05.30;USA;Lee Wallard;F;1911.9.8;amerikai;1;;Murell Belanger;Kurtis;Offenhauser
1951.05.30;USA;Bill Mackey;F;1927.12.10;amerikai;;kuplung;Hall;Hall;Offenhauser
;;Julian Bailey;F;1961.10.9;brit;;;;;
;;Renzo Zorzi;F;1946.12.12;olasz;;;;;
1952.08.03;Németország;Harry Merkel;F;1918.1.10;német;;nem rajtolt el;;BMW;BMW
1959.05.30;USA;Bob Veith;F;1926.11.1;amerikai;12;;Moore;Moore;Offenhauser
1957.05.30;USA;Bob Veith;F;1926.11.1;amerikai;9;;Phillips;Phillips;Offenhauser
1960.05.30;USA;Bob Veith;F;1926.11.1;amerikai;8;;Meskowski;Meskowski;Offenhauser
1958.05.30;USA;Bob Veith;F;1926.11.1;amerikai;;karambol;Kurtis Kraft;Kurtis;Offenhauser
1956.05.30;USA;Bob Veith;F;1926.11.1;amerikai;7;;Kurtis Kraft;Kurtis;Offenhauser
;;Toranosuke Takagi;F;1974.2.12;japán;;;;;
;;John Nicholson;F;1941.10.6;új-zélandi;;;;;
1958.05.30;USA;Jerry Unser;F;1932.11.15;amerikai;;karambol;Kurtis Kraft;Kurtis;Offenhauser
1960.05.30;USA;Shorty Templeman;F;1919.8.12;amerikai;;kuplung;Kurtis Kraft;Kurtis;Offenhauser
1955.05.30;USA;Shorty Templeman;F;1919.8.12;amerikai;;futómû;Trevis;Trevis;Offenhauser
1958.05.30;USA;Shorty Templeman;F;1919.8.12;amerikai;;törés;Kurtis Kraft;Kurtis;Offenhauser
;;Jim Crawford;F;1948.2.13;brit;;;;;
;;Michael Ammermuller;F;1986.2.14;német;;;;;
;;Giancarlo Fisichella;F;1973.1.14;olasz;;;;;
1951.10.28;Spanyolország;A Juan Jover;F;1903.11.23;spanyol;;motor;Scuderia Milano;Maserati;Maserati
1956.09.02;Olaszország;Alfonso de Portago;F;1928.10.11;spanyol;;defekt;Scuderia Ferrari;Lancia;Lancia
1956.07.14;Nagy-Britannia;Alfonso de Portago;F;1928.10.11;spanyol;2;;Scuderia Ferrari;Lancia;Lancia
1956.08.05;Németország;Alfonso de Portago;F;1928.10.11;spanyol;;kiesett;Scuderia Ferrari;Lancia;Lancia
1956.07.14;Nagy-Britannia;Alfonso de Portago;F;1928.10.11;spanyol;10;;Scuderia Ferrari;Lancia;Lancia
1957.01.13;Argentína;Alfonso de Portago;F;1928.10.11;spanyol;5;;Scuderia Ferrari;Lancia;Lancia
1956.07.01;Franciaország;Alfonso de Portago;F;1928.10.11;spanyol;;sebességváltó;Scuderia Ferrari;Lancia;Lancia
1952.06.22;Belgium;Piero Taruffi;F;1906.10.12;olasz;;karambol;Scuderia Ferrari;Ferrari;Ferrari
1956.07.01;Franciaország;Piero Taruffi;F;1906.10.12;olasz;;motor;Officine Alfieri Maserati;Maserati;Maserati
1955.09.11;Olaszország;Piero Taruffi;F;1906.10.12;olasz;2;;Daimler Benz AG;Mercedes;Mercedes
1951.05.27;Svájc;Piero Taruffi;F;1906.10.12;olasz;2;;Scuderia Ferrari;Ferrari;Ferrari
1955.05.22;Monaco;Piero Taruffi;F;1906.10.12;olasz;8;;Scuderia Ferrari;Ferrari;Ferrari
1951.09.16;Olaszország;Piero Taruffi;F;1906.10.12;olasz;5;;Scuderia Ferrari;Ferrari;Ferrari
1954.08.01;Németország;Piero Taruffi;F;1906.10.12;olasz;6;;Scuderia Ferrari;Ferrari;Ferrari
1951.07.29;Németország;Piero Taruffi;F;1906.10.12;olasz;5;;Scuderia Ferrari;Ferrari;Ferrari
1955.06.05;Belgium;Piero Taruffi;F;1906.10.12;olasz;;nem rajtolt el;Scuderia Ferrari;Ferrari;Ferrari
1952.09.07;Olaszország;Piero Taruffi;F;1906.10.12;olasz;7;;Scuderia Ferrari;Ferrari;Ferrari
1952.05.18;Svájc;Piero Taruffi;F;1906.10.12;olasz;1;;Scuderia Ferrari;Ferrari;Ferrari
1951.10.28;Spanyolország;Piero Taruffi;F;1906.10.12;olasz;;kiállás;Scuderia Ferrari;Ferrari;Ferrari
1956.09.02;Olaszország;Piero Taruffi;F;1906.10.12;olasz;;kiállás;Vandervell Products Ltd;Vanwall;Vanwall
1951.06.17;Belgium;Piero Taruffi;F;1906.10.12;olasz;;sebességváltó;Scuderia Ferrari;Ferrari;Ferrari
1952.08.03;Németország;Piero Taruffi;F;1906.10.12;olasz;4;;Scuderia Ferrari;Ferrari;Ferrari
1955.07.16;Nagy-Britannia;Piero Taruffi;F;1906.10.12;olasz;4;;Daimler Benz AG;Mercedes;Mercedes
1952.07.19;Nagy-Britannia;Piero Taruffi;F;1906.10.12;olasz;2;;Scuderia Ferrari;Ferrari;Ferrari
1950.09.03;Olaszország;Piero Taruffi;F;1906.10.12;olasz;;kiesett;Alfa Romeo SpA;Alfa;Alfa
1952.07.06;Franciaország;Piero Taruffi;F;1906.10.12;olasz;3;;Scuderia Ferrari;Ferrari;Ferrari
;;Roelof Wunderink;F;1948.12.12;holland;;;;;
;;Thierry Boutsen;F;1957.7.13;belga;;;;;
1959.05.30;USA;Mike Magill;F;1920.2.18;amerikai;;karambol;Sutton;Sutton;Offenhauser
1957.05.30;USA;Mike Magill;F;1920.2.18;amerikai;;karambol;Kurtis Kraft;Kurtis;Offenhauser
1958.05.30;USA;Mike Magill;F;1920.2.18;amerikai;;kizárták;Kurtis Kraft;Kurtis;Offenhauser
;;Pedro de la Rosa;F;1971.2.24;spanyol;;;;;
;;Bob Evans;F;1947.6.11;brit;;;;;
;;Robin Widdows;F;1942.5.27;brit;;;;;
;;Eppie Wietzes;F;1938.5.28;kanadai;;;;;
;;Graham McRae;F;1940.3.5;új-zélandi;;;;;
1956.07.01;Franciaország;Colin Chapman;F;1928.5.19;brit;;karambol;Vandervell Products Ltd;Vanwall;Vanwall
;;Bas Leinders;F;1975.7.16;belga;;;;;
;;Jackie Oliver;F;1942.8.14;brit;;;;;
;;Richard Attwood;F;1940.4.4;brit;;;;;
1952.08.17;Hollandia;Jan Flinterman;F;1919.10.2;holland;9;;Escuderia Bandeirantes;Maserati;Maserati
1952.08.17;Hollandia;Jan Flinterman;F;1919.10.2;holland;;differenciálmû;Escuderia Bandeirantes;Maserati;Maserati
1956.05.30;USA;Johnnie Tolan;F;1918.10.22;amerikai;;motor;Kurtis Kraft;Kurtis;Offenhauser
1957.05.30;USA;Johnnie Tolan;F;1918.10.22;amerikai;;kuplung;Kuzma;Kuzma;Offenhauser
1958.05.30;USA;Johnnie Tolan;F;1918.10.22;amerikai;13;;Kuzma;Kuzma;Offenhauser
1958.08.03;Németország;Edgar Barth;F;1917.11.26;német;6;;Dr Ing F Porsche KG;Porsche;Porsche
1957.08.04;Németország;Edgar Barth;F;1917.11.26;német;12;;Dr Ing Porsche KG;Porsche;Porsche
1953.08.02;Németország;Edgar Barth;F;1917.11.26;német;;kipufogócsõ;EMW Rennkollektiv;EMW;BMW
1960.09.04;Olaszország;Edgar Barth;F;1917.11.26;német;7;;Dr Ing F Porsche KG;Porsche;Porsche
;;Jean-Pierre Beltoise;F;1937.4.26;francia;;;;;
;;Mika Hakkinen;F;1968.9.28;finn;;;;;
1951.05.27;Svájc;George Abecassis;F;1913.3.21;brit;;gyújtás;HW Motors;HWM;Alta
1952.05.18;Svájc;George Abecassis;F;1913.3.21;brit;;karambol;HW Motors;HWM;Alta
;;Tom Jones;F;1943.4.26;amerikai;;;;;
1952.08.03;Németország;Eitel Cantoni;F;1906.10.4;uruguayi;;sebességváltó;Escuderia Bandeirantes;Maserati;Maserati
1952.07.19;Nagy-Britannia;Eitel Cantoni;F;1906.10.4;uruguayi;;törés;Escuderia Bandeirantes;Maserati;Maserati
1952.09.07;Olaszország;Eitel Cantoni;F;1906.10.4;uruguayi;11;;Escuderia Bandeirantes;Maserati;Maserati
1952.08.03;Németország;Ernst Klodwig;F;1903.5.23;német;12;;;BMW;BMW
1953.08.02;Németország;Ernst Klodwig;F;1903.5.23;német;15;;;BMW;BMW
1955.05.30;USA;Paul Russo;F;1914.4.10;amerikai;2;;Kurtis Kraft;Kurtis;Offenhauser
1959.05.30;USA;Paul Russo;F;1914.4.10;amerikai;9;;Leader Cards Inc;Kurtis;Offenhauser
1953.05.30;USA;Paul Russo;F;1914.4.10;amerikai;4;;Grancor Auto Specialists;Kurtis;Offenhauser
1950.05.30;USA;Paul Russo;F;1914.4.10;amerikai;9;;Paul Russo;Nichels;Offenhauser
1957.05.30;USA;Paul Russo;F;1914.4.10;amerikai;4;;Kurtis Kraft;Kurtis;Novi
1953.05.30;USA;Paul Russo;F;1914.4.10;amerikai;;gyújtás;Federal Auto Associates;Kurtis;Offenhauser
1954.05.31;USA;Paul Russo;F;1914.4.10;amerikai;8;;Kurtis Kraft;Kurtis;Offenhauser
1958.05.30;USA;Paul Russo;F;1914.4.10;amerikai;;gázadagoló;Kurtis Kraft;Kurtis;Novi
1956.05.30;USA;Paul Russo;F;1914.4.10;amerikai;;karambol;Kurtis Kraft;Kurtis;Novi
;;Carlo Franchi;F;1938.1.1;olasz;;;;;
;;Howden Ganley;F;1941.12.24;új-zélandi;;;;;
;;Alex Yoong;F;1976.7.20;maláj;;;;;
1951.05.30;USA;Bobby Ball;F;1925.8.26;amerikai;5;;John McDaniel;Schroeder;Offenhauser
1952.05.30;USA;Bobby Ball;F;1925.8.26;amerikai;;sebességváltó;Rotary Engineering;Stevens;Offenhauser
1960.02.07;Argentína;Ettore Chimeri;F;1921.6.4;venezuelai;;feladta;;Maserati;Maserati
1952.05.30;USA;Chuck Stevenson;F;1919.10.15;amerikai;18;;Bessie Lee Paoli;Kurtis;Offenhauser
1953.05.30;USA;Chuck Stevenson;F;1919.10.15;amerikai;;kiesett;John Zink;Kurtis;Offenhauser
1953.05.30;USA;Chuck Stevenson;F;1919.10.15;amerikai;9;;JC Agajanian;Kurtis;Offenhauser
1954.05.31;USA;Chuck Stevenson;F;1919.10.15;amerikai;12;;Kuzma;Kuzma;Offenhauser
1953.05.30;USA;Chuck Stevenson;F;1919.10.15;amerikai;;benzinfolyás;JC Agajanian;Kurtis;Offenhauser
1951.05.30;USA;Chuck Stevenson;F;1919.10.15;amerikai;;tûz;Carl Marchese;Marchese;Offenhauser
1960.05.30;USA;Chuck Stevenson;F;1919.10.15;amerikai;15;;Watson;Watson;Offenhauser
;;Damien Magee;F;1945.11.17;brit;;;;;
;;Jochen Mass;F;1946.9.30;német;;;;;
1960.05.30;USA;Len Sutton;F;1925.8.9;amerikai;;motor;Watson;Watson;Offenhauser
1958.05.30;USA;Len Sutton;F;1925.8.9;amerikai;;karambol;Kurtis Kraft;Kurtis;Offenhauser
1959.05.30;USA;Len Sutton;F;1925.8.9;amerikai;;karambol;Lesovsky;Lesovsky;Offenhauser
;;Jean-Christophe-Pierre Boullion;F;1969.12.27;francia;;;;;
1950.07.02;Franciaország;David Murray;F;1909.12.28;brit;;visszalépés;Scuderia Ambrosiana;Maserati;Maserati
1951.07.29;Németország;David Murray;F;1909.12.28;brit;;karambol;Scuderia Ambrosiana;Maserati;Maserati
1950.05.13;Nagy-Britannia;David Murray;F;1909.12.28;brit;;motor;Scuderia Ambrosiana;Maserati;Maserati
1951.07.14;Nagy-Britannia;David Murray;F;1909.12.28;brit;;motor;Scuderia Ambrosiana;Maserati;Maserati
1952.07.19;Nagy-Britannia;David Murray;F;1909.12.28;brit;;motor;Ecurie Ecosse;Cooper;Bristol
1950.09.03;Olaszország;David Murray;F;1909.12.28;brit;;sebességváltó;Scuderia Ambrosiana;Maserati;Maserati
;;Alex Ribeiro;F;1948.11.7;brazil;;;;;
;;Jacky Ickx;F;1945.1.1;belga;;;;;
1950.05.30;USA;Joie Chitwood;F;1912.4.14;amerikai;5;;Ervin Wolfe;Kurtis;Offenhauser
1954.07.17;Nagy-Britannia;Bill Whitehouse;F;1909.4.1;brit;;motor;;Connaught;Lea
1954.05.31;USA;Bob Sweikert;F;1926.5.20;amerikai;14;;Kurtis Kraft;Kurtis;Offenhauser
1955.05.30;USA;Bob Sweikert;F;1926.5.20;amerikai;1;;Kurtis Kraft;Kurtis;Offenhauser
1956.05.30;USA;Bob Sweikert;F;1926.5.20;amerikai;6;;Kuzma;Kuzma;Offenhauser
1953.05.30;USA;Bob Sweikert;F;1926.5.20;amerikai;;kiállás;AE Dean;Kuzma;Offenhauser
1952.05.30;USA;Bob Sweikert;F;1926.5.20;amerikai;;differenciálmû;Lee Elkins;Kurtis;Offenhauser
1955.07.16;Nagy-Britannia;Mike Sparken;F;1930.6.16;francia;7;;Equipe Gordini;Gordini;Gordini
1960.07.03;Franciaország;Bruce Halford;F;1931.5.18;brit;8;;Yeoman Credit Racing Team;Cooper;Climax
1956.08.05;Németország;Bruce Halford;F;1931.5.18;brit;;pályaelhagyás;;Maserati;Maserati
1957.09.08;Olaszország;Bruce Halford;F;1931.5.18;brit;;motor;;Maserati;Maserati
1956.07.14;Nagy-Britannia;Bruce Halford;F;1931.5.18;brit;;motor;;Maserati;Maserati
1957.08.04;Németország;Bruce Halford;F;1931.5.18;brit;11;;;Maserati;Maserati
1959.05.10;Monaco;Bruce Halford;F;1931.5.18;brit;;karambol;John Fisher;Lotus;Climax
1960.05.29;Monaco;Bruce Halford;F;1931.5.18;brit;;kizárták;Yeoman Credit Racing Team;Cooper;Climax
1956.09.02;Olaszország;Bruce Halford;F;1931.5.18;brit;;motor;;Maserati;Maserati
1957.08.18;Olaszország;Bruce Halford;F;1931.5.18;brit;;differenciálmû;;Maserati;Maserati
1950.05.13;Nagy-Britannia;Eugene Martin;F;1915.3.24;francia;;olajnyomás;Automobiles Talbot-Darracq SA;Talbot-Lago;Talbot
1950.06.04;Svájc;Eugene Martin;F;1915.3.24;francia;;karambol;Automobiles Talbot-Darracq SA;Talbot-Lago;Talbot
;;Guy Tunmer;F;1948.12.1;dél-afrikai;;;;;
1950.05.30;USA;Fred Agabashian;F;1913.8.21;amerikai;;olajfolyás;Kurtis Kraft;Kurtis;Offenhauser
1955.05.30;USA;Fred Agabashian;F;1913.8.21;amerikai;;kicsúszás;Kurtis Kraft;Kurtis;Offenhauser
1950.05.30;USA;Fred Agabashian;F;1913.8.21;amerikai;;kiesett;Indianapolis Race Cars;Kurtis;Offenhauser
1951.05.30;USA;Fred Agabashian;F;1913.8.21;amerikai;;kuplung;Grancor Auto;Kurtis;Offenhauser
1954.05.31;USA;Fred Agabashian;F;1913.8.21;amerikai;6;;Kurtis Kraft;Kurtis;Offenhauser
1952.05.30;USA;Fred Agabashian;F;1913.8.21;amerikai;;kompresszor;Cummins Engines;Kurtis;Cummins
1953.05.30;USA;Fred Agabashian;F;1913.8.21;amerikai;4;;Grancor Auto Specialists;Kurtis;Offenhauser
1957.05.30;USA;Fred Agabashian;F;1913.8.21;amerikai;;benzinfolyás;Kurtis Kraft;Kurtis;Offenhauser
1956.05.30;USA;Fred Agabashian;F;1913.8.21;amerikai;12;;Kurtis Kraft;Kurtis;Offenhauser
;;Volker Weidler;F;1962.3.18;német;;;;;
1960.11.20;USA;Ron Flockhart;F;1923.6.16;brit;;futómû;Cooper Car Company;Cooper;Climax
1957.07.07;Franciaország;Ron Flockhart;F;1923.6.16;brit;;karambol;Owen Racing Organisation;BRM;BRM
1959.07.05;Franciaország;Ron Flockhart;F;1923.6.16;brit;6;;Owen Racing Organisation;BRM;BRM
1959.09.13;Olaszország;Ron Flockhart;F;1923.6.16;brit;13;;Owen Racing Organisation;BRM;BRM
1959.05.10;Monaco;Ron Flockhart;F;1923.6.16;brit;;törés;Owen Racing Organisation;BRM;BRM
1954.07.17;Nagy-Britannia;Ron Flockhart;F;1923.6.16;brit;;kiesett;Prince Bira;Maserati;Maserati
1956.09.02;Olaszország;Ron Flockhart;F;1923.6.16;brit;3;;Connaught Engineering;Connaught;Alta
1960.07.03;Franciaország;Ron Flockhart;F;1923.6.16;brit;6;;Team Lotus;Lotus;Climax
1958.10.19;Marokkó;Ron Flockhart;F;1923.6.16;brit;;vezérmûtengely;Owen Racing Organisation;BRM;BRM
1959.08.23;Portugália;Ron Flockhart;F;1923.6.16;brit;7;;Owen Racing Organisation;BRM;BRM
1957.05.19;Monaco;Ron Flockhart;F;1923.6.16;brit;;sebességváltó;Owen Racing Organisation;BRM;BRM
1956.07.14;Nagy-Britannia;Ron Flockhart;F;1923.6.16;brit;;motor;Owen Racing Organisation;BRM;BRM
1959.07.18;Nagy-Britannia;Ron Flockhart;F;1923.6.16;brit;;kicsúszás;Owen Racing Organisation;BRM;BRM
1953.06.21;Belgium;Lance Macklin;F;1919.9.2;brit;;motor;HW Motors;HWM;Alta
1953.06.07;Hollandia;Lance Macklin;F;1919.9.2;brit;;gázadagoló;HW Motors;HWM;Alta
1952.06.22;Belgium;Lance Macklin;F;1919.9.2;brit;11;;HW Motors;HWM;Alta
1952.09.07;Olaszország;Lance Macklin;F;1919.9.2;brit;;kizárták;HW Motors;HWM;Alta
1955.05.22;Monaco;Lance Macklin;F;1919.9.2;brit;;kizárták;Stirling Moss Ltd;Maserati;Maserati
1952.07.06;Franciaország;Lance Macklin;F;1919.9.2;brit;9;;HW Motors;HWM;Alta
1952.07.19;Nagy-Britannia;Lance Macklin;F;1919.9.2;brit;15;;HW Motors;HWM;Alta
1953.09.13;Olaszország;Lance Macklin;F;1919.9.2;brit;;motor;HW Motors;HWM;Alta
1953.08.23;Svájc;Lance Macklin;F;1919.9.2;brit;;motor;HW Motors;HWM;Alta
1952.08.17;Hollandia;Lance Macklin;F;1919.9.2;brit;8;;HW Motors;HWM;Alta
1953.07.05;Franciaország;Lance Macklin;F;1919.9.2;brit;;kuplung;HW Motors;HWM;Alta
1953.07.18;Nagy-Britannia;Lance Macklin;F;1919.9.2;brit;;kuplung;HW Motors;HWM;Alta
1954.07.04;Franciaország;Lance Macklin;F;1919.9.2;brit;;motor;HW Motors;HWM;Alta
1952.05.18;Svájc;Lance Macklin;F;1919.9.2;brit;;visszalépés;HW Motors;HWM;Alta
1955.07.16;Nagy-Britannia;Lance Macklin;F;1919.9.2;brit;8;;Stirling Moss Ltd;Maserati;Maserati
;;Teo Fabi;F;1955.3.9;olasz;;;;;
;;Francois Mazet;F;1943.2.26;francia;;;;;
1954.05.31;USA;Len Duncan;F;1911.7.25;amerikai;;kiesett;Schroeder;Schroeder;Offenhauser
1952.05.30;USA;Bill Schindler;F;1909.3.6;amerikai;14;;HA Chapman;Stevens;Offenhauser
1951.05.30;USA;Bill Schindler;F;1909.3.6;amerikai;;motor;HA Chapman;Kurtis;Offenhauser
1950.05.30;USA;Bill Schindler;F;1909.3.6;amerikai;;nem azonosított;Louis Rassey;Snowberger;Offenhauser
1953.05.30;USA;Jimmy Davies;F;1923.8.18;amerikai;10;;Pat Clancy;Kurtis;Offenhauser
1950.05.30;USA;Jimmy Davies;F;1923.8.18;amerikai;17;;Pat Clancy;Ewing;Offenhauser
1954.05.31;USA;Jimmy Davies;F;1923.8.18;amerikai;11;;Kurtis Kraft;Kurtis;Offenhauser
1951.05.30;USA;Jimmy Davies;F;1923.8.18;amerikai;;tengely;LE Parks;Pawl;Offenhauser
1955.05.30;USA;Jimmy Davies;F;1923.8.18;amerikai;3;;Kurtis Kraft;Kurtis;Offenhauser
1954.05.31;USA;Jimmy Davies;F;1923.8.18;amerikai;;kiesett;Kurtis Kraft;Kurtis;Offenhauser
1954.05.31;USA;Art Cross;F;1918.1.24;amerikai;11;;Kurtis Kraft;Kurtis;Offenhauser
1955.05.30;USA;Art Cross;F;1918.1.24;amerikai;;motor;Kurtis Kraft;Kurtis;Offenhauser
1952.05.30;USA;Art Cross;F;1918.1.24;amerikai;5;;Ray Brady;Kurtis;Offenhauser
1953.05.30;USA;Art Cross;F;1918.1.24;amerikai;2;;Bessie Lee Paoli;Kurtis;Offenhauser
;;Bobby Rahal;F;1953.1.10;amerikai;;;;;
1951.05.30;USA;George Connor;F;1908.8.16;amerikai;;futómû;Lou Moore;Lesovsky;Offenhauser
1950.05.30;USA;George Connor;F;1908.8.16;amerikai;8;;Lou Moore;Lesovsky;Offenhauser
1952.05.30;USA;George Connor;F;1908.8.16;amerikai;8;;Federal Auto Associates;Kurtis;Offenhauser
;;Sakon Yamamoto;F;1982.9.7;japán;;;;;
1958.05.30;USA;A J Foyt;F;1935.1.16;amerikai;;kicsúszás;Kuzma;Kuzma;Offenhauser
1960.05.30;USA;A J Foyt;F;1935.1.16;amerikai;;kuplung;Kurtis Kraft;Kurtis;Offenhauser
1959.05.30;USA;A J Foyt;F;1935.1.16;amerikai;10;;Kuzma;Kuzma;Offenhauser
1959.12.12;USA;George Constantine;F;1918.2.22;amerikai;;motor;Mike Taylor;Cooper;Climax
1957.05.30;USA;Chuck Weyant;F;1923.3.4;amerikai;14;;Kuzma;Kuzma;Offenhauser
1958.05.30;USA;Chuck Weyant;F;1923.3.4;amerikai;;karambol;Dunn;Dunn;Offenhauser
1959.05.30;USA;Chuck Weyant;F;1923.3.4;amerikai;;karambol;Leader Cards Inc;Kurtis;Offenhauser
1955.05.30;USA;Chuck Weyant;F;1923.3.4;amerikai;12;;Kurtis Kraft;Kurtis;Offenhauser
1952.07.06;Franciaország;Gianfranco Comotti;F;1906.7.24;olasz;12;;Scuderia Marzotto;Ferrari;Ferrari
1950.09.03;Olaszország;Gianfranco Comotti;F;1906.7.24;olasz;;kiesett;Scuderia Milano;Maserati;Milano
1952.05.18;Svájc;Toni Ulmen;F;1906.1.25;német;;benzinfolyás;;Veritas;Veritas
1952.08.03;Németország;Toni Ulmen;F;1906.1.25;német;8;;;Veritas;BMW
;;Giovanna Amati;N;1962.7.20;olasz;;;;;
;;Alain Prost;F;1955.2.24;francia;;;;;
1951.05.30;USA;Chet Miller;F;1902.7.19;amerikai;;gyújtás;Jean Marcenac;Kurtis;Novi
1952.05.30;USA;Chet Miller;F;1902.7.19;amerikai;;kompresszor;Lewis Welch;Kurtis;Novi
;;Markus Winkelhock;F;1980.6.13;német;;;;;
1950.06.18;Belgium;Eugene Chaboud;F;1907.4.12;francia;;motor;Ecurie Leutitia;Talbot-Lago;Talbot
1951.07.01;Franciaország;Eugene Chaboud;F;1907.4.12;francia;8;;;Talbot-Lago;Talbot
1950.07.02;Franciaország;Eugene Chaboud;F;1907.4.12;francia;5;;;Talbot-Lago;Talbot
1950.07.02;Franciaország;Eugene Chaboud;F;1907.4.12;francia;;nem rajtolt el;Ecurie Leutitia;Talbot-Lago;Talbot
1954.09.05;Olaszország;Jose-Froilan Gonzalez;F;1922.10.5;argentín;3;;Scuderia Ferrari;Ferrari;Ferrari
1953.08.02;Németország;Jose-Froilan Gonzalez;F;1922.10.5;argentín;;nem rajtolt el;Officine Alfieri Maserati;Maserati;Maserati
1957.01.13;Argentína;Jose-Froilan Gonzalez;F;1922.10.5;argentín;5;;Scuderia Ferrari;Lancia;Lancia
1956.07.14;Nagy-Britannia;Jose-Froilan Gonzalez;F;1922.10.5;argentín;;vezérmûtengely;Vandervell Products Ltd;Vanwall;Vanwall
1960.02.07;Argentína;Jose-Froilan Gonzalez;F;1922.10.5;argentín;10;;Scuderia Ferrari;Ferrari;Ferrari
1951.07.01;Franciaország;Jose-Froilan Gonzalez;F;1922.10.5;argentín;2;;Scuderia Ferrari;Ferrari;Ferrari
1954.07.17;Nagy-Britannia;Jose-Froilan Gonzalez;F;1922.10.5;argentín;1;;Scuderia Ferrari;Ferrari;Ferrari
1950.05.21;Monaco;Jose-Froilan Gonzalez;F;1922.10.5;argentín;;karambol;Scuderia Achille Varzi;Maserati;Maserati
1955.01.16;Argentína;Jose-Froilan Gonzalez;F;1922.10.5;argentín;2;;Scuderia Ferrari;Ferrari;Ferrari
1954.08.22;Svájc;Jose-Froilan Gonzalez;F;1922.10.5;argentín;2;;Scuderia Ferrari;Ferrari;Ferrari
1956.01.22;Argentína;Jose-Froilan Gonzalez;F;1922.10.5;argentín;;motor;Officine Alfieri Maserati;Maserati;Maserati
1950.07.02;Franciaország;Jose-Froilan Gonzalez;F;1922.10.5;argentín;;motor;Scuderia Achille Varzi;Maserati;Maserati
1953.06.07;Hollandia;Jose-Froilan Gonzalez;F;1922.10.5;argentín;;sebességváltó;Officine Alfieri Maserati;Maserati;Maserati
1951.05.27;Svájc;Jose-Froilan Gonzalez;F;1922.10.5;argentín;;olajpumpa;;Talbot-Lago;Talbot
1953.06.07;Hollandia;Jose-Froilan Gonzalez;F;1922.10.5;argentín;3;;Officine Alfieri Maserati;Maserati;Maserati
1954.08.01;Németország;Jose-Froilan Gonzalez;F;1922.10.5;argentín;2;;Scuderia Ferrari;Ferrari;Ferrari
1954.01.17;Argentína;Jose-Froilan Gonzalez;F;1922.10.5;argentín;3;;Scuderia Ferrari;Ferrari;Ferrari
1953.06.21;Belgium;Jose-Froilan Gonzalez;F;1922.10.5;argentín;;gázadagoló;Officine Alfieri Maserati;Maserati;Maserati
1953.07.05;Franciaország;Jose-Froilan Gonzalez;F;1922.10.5;argentín;3;;Officine Alfieri Maserati;Maserati;Maserati
1952.09.07;Olaszország;Jose-Froilan Gonzalez;F;1922.10.5;argentín;2;;Officine Alfieri Maserati;Maserati;Maserati
1953.01.18;Argentína;Jose-Froilan Gonzalez;F;1922.10.5;argentín;3;;Officine Alfieri Maserati;Maserati;Maserati
1953.07.18;Nagy-Britannia;Jose-Froilan Gonzalez;F;1922.10.5;argentín;4;;Officine Alfieri Maserati;Maserati;Maserati
1951.09.16;Olaszország;Jose-Froilan Gonzalez;F;1922.10.5;argentín;2;;Scuderia Ferrari;Ferrari;Ferrari
1951.07.29;Németország;Jose-Froilan Gonzalez;F;1922.10.5;argentín;3;;Scuderia Ferrari;Ferrari;Ferrari
1954.07.04;Franciaország;Jose-Froilan Gonzalez;F;1922.10.5;argentín;;motor;Scuderia Ferrari;Ferrari;Ferrari
1951.10.28;Spanyolország;Jose-Froilan Gonzalez;F;1922.10.5;argentín;2;;Scuderia Ferrari;Ferrari;Ferrari
1951.07.14;Nagy-Britannia;Jose-Froilan Gonzalez;F;1922.10.5;argentín;1;;Scuderia Ferrari;Ferrari;Ferrari
1954.09.05;Olaszország;Jose-Froilan Gonzalez;F;1922.10.5;argentín;;sebességváltó;Scuderia Ferrari;Ferrari;Ferrari
1954.06.20;Belgium;Jose-Froilan Gonzalez;F;1922.10.5;argentín;4;;Scuderia Ferrari;Ferrari;Ferrari
1954.06.20;Belgium;Jose-Froilan Gonzalez;F;1922.10.5;argentín;;olajfolyás;Scuderia Ferrari;Ferrari;Ferrari
1953.08.02;Németország;Ernst Loof;F;1907.7.4;német;;benzinpumpa;;Veritas;Veritas
;;Domenico Schiattarella;F;1967.11.17;olasz;;;;;
;;Christian Albers;F;1979.4.16;holland;;;;;
1951.05.30;USA;Cecil Green;F;1919.9.30;amerikai;;motor;MA Walker;Kurtis;Offenhauser
1950.05.30;USA;Cecil Green;F;1919.9.30;amerikai;4;;MA Walker;Kurtis;Offenhauser
;;Desire Wilson;N;1953.11.26;dél-afrikai;;;;;
;;Mark Webber;F;1976.8.27;ausztrál;;;;;
;;Giacomo Russo;F;1937.10.23;olasz;;;;;
1953.01.18;Argentína;Felice Bonetto;F;1903.6.9;olasz;;futómû;Officine Alfieri Maserati;Maserati;Maserati
1950.07.02;Franciaország;Felice Bonetto;F;1903.6.9;olasz;;motor;Scuderia Milano;Maserati;Milano
1953.06.07;Hollandia;Felice Bonetto;F;1903.6.9;olasz;3;;Officine Alfieri Maserati;Maserati;Maserati
1951.09.16;Olaszország;Felice Bonetto;F;1903.6.9;olasz;3;;Alfa Romeo SpA;Alfa;Alfa
1953.07.05;Franciaország;Felice Bonetto;F;1903.6.9;olasz;;motor;Officine Alfieri Maserati;Maserati;Maserati
1950.09.03;Olaszország;Felice Bonetto;F;1903.6.9;olasz;;visszalépés;Scuderia Milano;Milano;Milano
1953.09.13;Olaszország;Felice Bonetto;F;1903.6.9;olasz;;benzinhiány;Officine Alfieri Maserati;Maserati;Maserati
1951.07.14;Nagy-Britannia;Felice Bonetto;F;1903.6.9;olasz;4;;Alfa Romeo SpA;Alfa;Alfa
1952.09.07;Olaszország;Felice Bonetto;F;1903.6.9;olasz;5;;Officine Alfieri Maserati;Maserati;Maserati
1953.08.02;Németország;Felice Bonetto;F;1903.6.9;olasz;4;;Officine Alfieri Maserati;Maserati;Maserati
1953.08.23;Svájc;Felice Bonetto;F;1903.6.9;olasz;4;;Officine Alfieri Maserati;Maserati;Maserati
1953.07.18;Nagy-Britannia;Felice Bonetto;F;1903.6.9;olasz;6;;Officine Alfieri Maserati;Maserati;Maserati
1950.06.04;Svájc;Felice Bonetto;F;1903.6.9;olasz;5;;Scuderia Milano;Maserati;Milano
1951.07.29;Németország;Felice Bonetto;F;1903.6.9;olasz;;gyújtás;Alfa Romeo SpA;Alfa;Alfa
1953.08.23;Svájc;Felice Bonetto;F;1903.6.9;olasz;;kiesett;Officine Alfieri Maserati;Maserati;Maserati
1951.10.28;Spanyolország;Felice Bonetto;F;1903.6.9;olasz;5;;Alfa Romeo SpA;Alfa;Alfa
1952.08.03;Németország;Felice Bonetto;F;1903.6.9;olasz;;pályaelhagyás;Officine Alfieri Maserati;Maserati;Maserati
1958.10.19;Marokkó;Robert La Caze;F;1917.2.26;marokkói;14;;;Cooper;Climax
1959.09.13;Olaszország;Graham Hill;F;1929.2.15;brit;;motor;Team Lotus;Lotus;Climax
1958.09.07;Olaszország;Graham Hill;F;1929.2.15;brit;6;;Team Lotus;Lotus;Climax
1960.06.19;Belgium;Graham Hill;F;1929.2.15;brit;;motor;Owen Racing Organisation;BRM;BRM
1958.08.24;Portugália;Graham Hill;F;1929.2.15;brit;;karambol;Team Lotus;Lotus;Climax
1960.08.14;Portugália;Graham Hill;F;1929.2.15;brit;;sebességváltó;Owen Racing Organisation;BRM;BRM
1958.05.26;Hollandia;Graham Hill;F;1929.2.15;brit;;motor;Team Lotus;Lotus;Climax
1959.05.10;Monaco;Graham Hill;F;1929.2.15;brit;;tûz;Team Lotus;Lotus;Climax
1958.10.19;Marokkó;Graham Hill;F;1929.2.15;brit;16;;Team Lotus;Lotus;Climax
1959.07.18;Nagy-Britannia;Graham Hill;F;1929.2.15;brit;9;;Team Lotus;Lotus;Climax
1958.07.19;Nagy-Britannia;Graham Hill;F;1929.2.15;brit;;túlhajtás;Team Lotus;Lotus;Climax
1960.07.16;Nagy-Britannia;Graham Hill;F;1929.2.15;brit;;karambol;Owen Racing Organisation;BRM;BRM
1959.07.05;Franciaország;Graham Hill;F;1929.2.15;brit;;kõfelverõdés;Team Lotus;Lotus;Climax
1960.06.06;Hollandia;Graham Hill;F;1929.2.15;brit;3;;Owen Racing Organisation;BRM;BRM
1959.05.31;Hollandia;Graham Hill;F;1929.2.15;brit;7;;Team Lotus;Lotus;Climax
1958.07.06;Franciaország;Graham Hill;F;1929.2.15;brit;;motor;Team Lotus;Lotus;Climax
1958.08.03;Németország;Graham Hill;F;1929.2.15;brit;;olajfolyás;Team Lotus;Lotus;Climax
1958.05.18;Monaco;Graham Hill;F;1929.2.15;brit;;motor;Team Lotus;Lotus;Climax
1960.05.29;Monaco;Graham Hill;F;1929.2.15;brit;7;;Owen Racing Organisation;BRM;BRM
1958.06.15;Belgium;Graham Hill;F;1929.2.15;brit;;motor;Team Lotus;Lotus;Climax
1959.08.23;Portugália;Graham Hill;F;1929.2.15;brit;;karambol;Team Lotus;Lotus;Climax
1960.02.07;Argentína;Graham Hill;F;1929.2.15;brit;;túlhajtás;Owen Racing Organisation;BRM;BRM
1960.11.20;USA;Graham Hill;F;1929.2.15;brit;;sebességváltó;Owen Racing Organisation;BRM;BRM
1960.07.03;Franciaország;Graham Hill;F;1929.2.15;brit;;karambol;Owen Racing Organisation;BRM;BRM
1959.08.02;Németország;Graham Hill;F;1929.2.15;brit;;olajteknõ;Team Lotus;Lotus;Climax
1959.12.12;USA;Phill Cade;F;1916.6.12;amerikai;;motor;;Maserati;Maserati
;;Basil van Rooyen;F;1938.4.19;dél-afrikai;;;;;
1960.07.16;Nagy-Britannia;Lance Reventlow;F;1936.2.24;amerikai;;nem rajtolt el;Cooper Car Company;Cooper;Climax
1960.05.29;Monaco;Lance Reventlow;F;1936.2.24;amerikai;;kizárták;Reventlow Automobiles Inc;Scarab;Scarab
1960.06.19;Belgium;Lance Reventlow;F;1936.2.24;amerikai;;motor;Reventlow Automobiles Inc;Scarab;Scarab
1960.06.06;Hollandia;Lance Reventlow;F;1936.2.24;amerikai;;visszalépés;Reventlow Automobiles Inc;Scarab;Scarab
1952.05.18;Svájc;Alan Brown;F;1919.11.20;brit;5;;Ecurie Richmond;Cooper;Bristol
1953.07.18;Nagy-Britannia;Alan Brown;F;1919.11.20;brit;;túlhajtás;RJ Chase;Cooper;Bristol
1954.07.17;Nagy-Britannia;Alan Brown;F;1919.11.20;brit;;nem rajtolt el;Equipe Anglaise;Cooper;Bristol
1953.09.13;Olaszország;Alan Brown;F;1919.11.20;brit;12;;RJ Chase;Cooper;Bristol
1952.06.22;Belgium;Alan Brown;F;1919.11.20;brit;6;;Ecurie Richmond;Cooper;Bristol
1952.07.19;Nagy-Britannia;Alan Brown;F;1919.11.20;brit;22;;Ecurie Richmond;Cooper;Bristol
1953.01.18;Argentína;Alan Brown;F;1919.11.20;brit;9;;RJ Chase;Cooper;Bristol
1952.09.07;Olaszország;Alan Brown;F;1919.11.20;brit;15;;Ecurie Richmond;Cooper;Bristol
1953.08.02;Németország;Alan Brown;F;1919.11.20;brit;;motor;RJ Chase;Cooper;Bristol
1958.10.19;Marokkó;Gerino Gerini;F;1928.8.10;olasz;12;;Scuderia Centro Sud;Maserati;Maserati
1958.07.06;Franciaország;Gerino Gerini;F;1928.8.10;olasz;9;;Scuderia Centro Sud;Maserati;Maserati
1958.07.19;Nagy-Britannia;Gerino Gerini;F;1928.8.10;olasz;;sebességváltó;Scuderia Centro Sud;Maserati;Maserati
1956.01.22;Argentína;Gerino Gerini;F;1928.8.10;olasz;4;;Officine Alfieri Maserati;Maserati;Maserati
1958.09.07;Olaszország;Gerino Gerini;F;1928.8.10;olasz;;karambol;Scuderia Centro Sud;Maserati;Maserati
1956.09.02;Olaszország;Gerino Gerini;F;1928.8.10;olasz;10;;Scuderia Guastalla;Maserati;Maserati
1958.05.18;Monaco;Gerino Gerini;F;1928.8.10;olasz;;kizárták;Scuderia Centro Sud;Maserati;Maserati
;;Andrea Chiesa;F;1964.5.6;svájci;;;;;
1952.09.07;Olaszország;Eric Brandon;F;1920.7.18;brit;13;;Ecurie Richmond;Cooper;Bristol
1954.07.17;Nagy-Britannia;Eric Brandon;F;1920.7.18;brit;;motor;Ecurie Richmond;Cooper;Bristol
1952.06.22;Belgium;Eric Brandon;F;1920.7.18;brit;9;;Ecurie Richmond;Cooper;Bristol
1952.07.19;Nagy-Britannia;Eric Brandon;F;1920.7.18;brit;20;;Ecurie Richmond;Cooper;Bristol
1952.05.18;Svájc;Eric Brandon;F;1920.7.18;brit;8;;Ecurie Richmond;Cooper;Bristol
;;Brian Gubby;F;1934.4.17;brit;;;;;
;;Reine Wisell;F;1941.9.30;svéd;;;;;
1953.08.02;Németország;Oswald Karch;F;1917.3.6;német;;kiesett;;Veritas;Veritas
1951.07.14;Nagy-Britannia;Brian Shawe-Taylor;F;1915.1.29;brit;8;;;ERA;ERA
1951.07.01;Franciaország;Brian Shawe-Taylor;F;1915.1.29;brit;;nem rajtolt el;G A Vanderwell;Ferrari;Ferrari
1950.05.13;Nagy-Britannia;Brian Shawe-Taylor;F;1915.1.29;brit;10;;;Maserati;Maserati
1960.07.03;Franciaország;Jim Clark;F;1936.3.4;skót;5;;Team Lotus;Lotus;Climax
1960.06.06;Hollandia;Jim Clark;F;1936.3.4;skót;;futómû;Team Lotus;Lotus;Climax
1960.08.14;Portugália;Jim Clark;F;1936.3.4;skót;3;;Team Lotus;Lotus;Climax
1960.07.16;Nagy-Britannia;Jim Clark;F;1936.3.4;skót;16;;Team Lotus;Lotus;Climax
1960.11.20;USA;Jim Clark;F;1936.3.4;skót;16;;Team Lotus;Lotus;Climax
1960.06.19;Belgium;Jim Clark;F;1936.3.4;skót;5;;Team Lotus;Lotus;Climax
;;Gerhard Mitter;F;1935.8.30;német;;;;;
;;Arturo Merzario;F;1943.3.11;olasz;;;;;
;;Ralf Schumacher;F;1975.6.30;német;;;;;
;;Boy Hayje;F;1949.5.3;holland;;;;;
;;Ernesto Brambilla;F;1934.1.31;olasz;;;;;
;;Dave [David] Kennedy;F;1953.1.15;brit;;;;;
1950.05.30;USA;Walt Ader;F;1913.12.15;amerikai;22;;Sampson Manufacturing;Rae;Offenhauser
;;Takuma Sato;F;1977.1.28;japán;;;;;
1952.08.03;Németország;Fritz Riess;F;1922.7.11;német;7;;;Veritas;BMW
;;John Miles;F;1943.6.14;brit;;;;;
;;Nino Vaccarella;F;1933.3.4;olasz;;;;;
;;Felipe Massa;F;1981.4.25;brazil;;;;;
1957.08.04;Németország;Hans Herrmann;F;1928.2.23;német;;motor;Scuderia Centro Sud;Maserati;Maserati
1959.07.18;Nagy-Britannia;Hans Herrmann;F;1928.2.23;német;;sebességváltó;Scuderia Centro Sud;Cooper;Maserati
1958.09.07;Olaszország;Hans Herrmann;F;1928.2.23;német;;motor;Scuderia Centro Sud;Maserati;Maserati
1955.01.16;Argentína;Hans Herrmann;F;1928.2.23;német;4;;Daimler Benz AG;Mercedes;Mercedes
1958.08.03;Németország;Hans Herrmann;F;1928.2.23;német;;motor;Scuderia Centro Sud;Maserati;Maserati
1960.09.04;Olaszország;Hans Herrmann;F;1928.2.23;német;6;;Porsche System Engineering;Porsche;Porsche
1954.10.24;Spanyolország;Hans Herrmann;F;1928.2.23;német;;befecskendezõ;Daimler Benz AG;Mercedes;Mercedes
1954.09.05;Olaszország;Hans Herrmann;F;1928.2.23;német;4;;Daimler Benz AG;Mercedes;Mercedes
1957.05.19;Monaco;Hans Herrmann;F;1928.2.23;német;;kizárták;Officine Alfieri Maserati;Maserati;Maserati
1954.07.04;Franciaország;Hans Herrmann;F;1928.2.23;német;;motor;Daimler Benz AG;Mercedes;Mercedes
1954.08.01;Németország;Hans Herrmann;F;1928.2.23;német;;benzinfolyás;Daimler Benz AG;Mercedes;Mercedes
1955.05.22;Monaco;Hans Herrmann;F;1928.2.23;német;;karambol;Daimler Benz AG;Mercedes;Mercedes
1954.08.22;Svájc;Hans Herrmann;F;1928.2.23;német;3;;Daimler Benz AG;Mercedes;Mercedes
1959.08.02;Németország;Hans Herrmann;F;1928.2.23;német;;karambol;British Racing Partnership;BRM;BRM
1958.10.19;Marokkó;Hans Herrmann;F;1928.2.23;német;9;;Joakim Bonnier Racing Team;Maserati;Maserati
1953.08.02;Németország;Hans Herrmann;F;1928.2.23;német;9;;Hans Klenk;Veritas;Veritas
;;Dieter Quester;F;1939.5.30;osztrák;;;;;
1959.05.30;USA;Jack Turner;F;1920.2.12;amerikai;;benzinfolyás;Christensen;Christensen;Offenhauser
1957.05.30;USA;Jack Turner;F;1920.2.12;amerikai;11;;Kurtis Kraft;Kurtis;Offenhauser
1956.05.30;USA;Jack Turner;F;1920.2.12;amerikai;;motor;Kurtis Kraft;Kurtis;Offenhauser
1958.05.30;USA;Jack Turner;F;1920.2.12;amerikai;;benzinpumpa;Lesovsky;Lesovsky;Offenhauser
1953.09.13;Olaszország;Louis Rosier;F;1905.11.5;francia;16;;Ecurie Rosier;Ferrari;Ferrari
1952.05.18;Svájc;Louis Rosier;F;1905.11.5;francia;;karambol;Ecurie Rosier;Ferrari;Ferrari
1950.06.18;Belgium;Louis Rosier;F;1905.11.5;francia;3;;Automobiles Talbot-Darracq SA;Talbot-Lago;Talbot
1950.06.04;Svájc;Louis Rosier;F;1905.11.5;francia;3;;Automobiles Talbot-Darracq SA;Talbot-Lago;Talbot
1953.08.23;Svájc;Louis Rosier;F;1905.11.5;francia;;karambol;Ecurie Rosier;Ferrari;Ferrari
1956.06.03;Belgium;Louis Rosier;F;1905.11.5;francia;8;;Ecurie Rosier;Maserati;Maserati
1953.07.18;Nagy-Britannia;Louis Rosier;F;1905.11.5;francia;10;;Ecurie Rosier;Ferrari;Ferrari
1955.06.05;Belgium;Louis Rosier;F;1905.11.5;francia;9;;Ecurie Rosier;Maserati;Maserati
1955.05.22;Monaco;Louis Rosier;F;1905.11.5;francia;;benzinfolyás;Ecurie Rosier;Maserati;Maserati
1953.07.05;Franciaország;Louis Rosier;F;1905.11.5;francia;8;;Ecurie Rosier;Ferrari;Ferrari
1954.09.05;Olaszország;Louis Rosier;F;1905.11.5;francia;8;;Officine Alfieri Maserati;Maserati;Maserati
1954.07.04;Franciaország;Louis Rosier;F;1905.11.5;francia;;motor;Ecurie Rosier;Ferrari;Ferrari
1950.07.02;Franciaország;Louis Rosier;F;1905.11.5;francia;6;;;Talbot-Lago;Talbot
1956.05.13;Monaco;Louis Rosier;F;1905.11.5;francia;;motor;Ecurie Rosier;Maserati;Maserati
1950.07.02;Franciaország;Louis Rosier;F;1905.11.5;francia;;túlhajtás;Automobiles Talbot-Darracq SA;Talbot-Lago;Talbot
1953.08.02;Németország;Louis Rosier;F;1905.11.5;francia;10;;Ecurie Rosier;Ferrari;Ferrari
1951.10.28;Spanyolország;Louis Rosier;F;1905.11.5;francia;7;;Ecurie Rosier;Talbot-Lago;Talbot
1954.08.01;Németország;Louis Rosier;F;1905.11.5;francia;8;;Ecurie Rosier;Ferrari;Ferrari
1956.07.01;Franciaország;Louis Rosier;F;1905.11.5;francia;6;;Ecurie Rosier;Maserati;Maserati
1956.08.05;Németország;Louis Rosier;F;1905.11.5;francia;5;;Ecurie Rosier;Maserati;Maserati
1952.06.22;Belgium;Louis Rosier;F;1905.11.5;francia;;futómû;Ecurie Rosier;Ferrari;Ferrari
1954.01.17;Argentína;Louis Rosier;F;1905.11.5;francia;;karambol;Ecurie Rosier;Ferrari;Ferrari
1952.09.07;Olaszország;Louis Rosier;F;1905.11.5;francia;10;;Ecurie Rosier;Ferrari;Ferrari
1952.07.06;Franciaország;Louis Rosier;F;1905.11.5;francia;;motor;Ecurie Rosier;Ferrari;Ferrari
1956.07.14;Nagy-Britannia;Louis Rosier;F;1905.11.5;francia;;karburátor;Ecurie Rosier;Maserati;Maserati
1951.05.27;Svájc;Louis Rosier;F;1905.11.5;francia;9;;Ecurie Rosier;Talbot-Lago;Talbot
1953.06.07;Hollandia;Louis Rosier;F;1905.11.5;francia;7;;Ecurie Rosier;Ferrari;Ferrari
1951.07.29;Németország;Louis Rosier;F;1905.11.5;francia;8;;Ecurie Rosier;Talbot-Lago;Talbot
1951.06.17;Belgium;Louis Rosier;F;1905.11.5;francia;4;;Ecurie Rosier;Talbot-Lago;Talbot
1950.09.03;Olaszország;Louis Rosier;F;1905.11.5;francia;4;;Ecurie Rosier;Talbot-Lago;Talbot
1951.07.14;Nagy-Britannia;Louis Rosier;F;1905.11.5;francia;10;;Ecurie Rosier;Talbot-Lago;Talbot
1954.10.24;Spanyolország;Louis Rosier;F;1905.11.5;francia;7;;Ecurie Rosier;Maserati;Maserati
1951.09.16;Olaszország;Louis Rosier;F;1905.11.5;francia;7;;Ecurie Rosier;Talbot-Lago;Talbot
1951.07.01;Franciaország;Louis Rosier;F;1905.11.5;francia;;sebességváltó;Ecurie Rosier;Talbot-Lago;Talbot
1954.07.17;Nagy-Britannia;Louis Rosier;F;1905.11.5;francia;;motor;Ecurie Rosier;Ferrari;Ferrari
1953.06.21;Belgium;Louis Rosier;F;1905.11.5;francia;8;;Ecurie Rosier;Ferrari;Ferrari
1955.06.19;Hollandia;Louis Rosier;F;1905.11.5;francia;9;;Ecurie Rosier;Maserati;Maserati
1950.05.21;Monaco;Louis Rosier;F;1905.11.5;francia;;karambol;Ecurie Rosier;Talbot-Lago;Talbot
1950.05.13;Nagy-Britannia;Louis Rosier;F;1905.11.5;francia;5;;Ecurie Rosier;Talbot-Lago;Talbot
1959.07.18;Nagy-Britannia;Bill Moss;F;1933.1.1;brit;;kizárták;United Racing Stable;Cooper;Climax
;;Henri Pescarolo;F;1942.9.25;francia;;;;;
1951.05.30;USA;Gene Force;F;1916.6.15;amerikai;;motor;Brown Motor Co;Kurtis;Offenhauser
1960.05.30;USA;Gene Force;F;1916.6.15;amerikai;;törés;Kurtis Kraft;Kurtis;Offenhauser
;;Tony Brise;F;1952.3.28;brit;;;;;
1957.01.13;Argentína;Alessandro de Tomaso;F;1928.7.10;argentín;9;;Scuderia Centro Sud;Ferrari;Ferrari
1959.12.12;USA;Alessandro de Tomaso;F;1928.7.10;argentín;;törés;Automobili OSCA;Cooper;Osca
1957.09.08;Olaszország;Andre Simon;F;1920.1.5;francia;11;;Ottoronio Volonterio;Maserati;Maserati
1957.05.19;Monaco;Andre Simon;F;1920.1.5;francia;;kizárták;Scuderia Centro Sud;Maserati;Maserati
1952.09.07;Olaszország;Andre Simon;F;1920.1.5;francia;6;;Scuderia Ferrari;Ferrari;Ferrari
1952.05.18;Svájc;Andre Simon;F;1920.1.5;francia;;kiesett;Scuderia Ferrari;Ferrari;Ferrari
1951.07.29;Németország;Andre Simon;F;1920.1.5;francia;;motor;Equipe Gordini;Simca-Gordini;Simca-Gordini
1951.07.01;Franciaország;Andre Simon;F;1920.1.5;francia;;motor;Equipe Gordini;Simca-Gordini;Simca-Gordini
1956.09.02;Olaszország;Andre Simon;F;1920.1.5;francia;9;;Equipe Gordini;Gordini;Gordini
1951.09.16;Olaszország;Andre Simon;F;1920.1.5;francia;6;;Equipe Gordini;Simca-Gordini;Simca-Gordini
1951.10.28;Spanyolország;Andre Simon;F;1920.1.5;francia;;motor;Equipe Gordini;Simca-Gordini;Simca-Gordini
1955.05.22;Monaco;Andre Simon;F;1920.1.5;francia;;motor;Daimler Benz AG;Mercedes;Mercedes
1956.07.01;Franciaország;Andre Simon;F;1920.1.5;francia;;motor;;Maserati;Maserati
1955.07.16;Nagy-Britannia;Andre Simon;F;1920.1.5;francia;;sebességváltó;Officine Alfieri Maserati;Maserati;Maserati
1951.05.30;USA;Mauri Rose;F;1906.5.26;amerikai;;karambol;Howard Keck;Deidt;Offenhauser
1950.05.30;USA;Mauri Rose;F;1906.5.26;amerikai;3;;Howard Keck;Deidt;Offenhauser
1952.07.19;Nagy-Britannia;Prince Birabongse Bhanuban;F;1914.7.15;thaiföldi;11;;Equipe Gordini;Gordini;Gordini
1953.07.05;Franciaország;Prince Birabongse Bhanuban;F;1914.7.15;thaiföldi;;differenciálmû;Connaught Engineering;Connaught;Lea
1953.09.13;Olaszország;Prince Birabongse Bhanuban;F;1914.7.15;thaiföldi;11;;Scuderia Milano;Maserati;Maserati
1953.08.02;Németország;Prince Birabongse Bhanuban;F;1914.7.15;thaiföldi;;kiállás;Connaught Engineering;Connaught;Lea
1951.10.28;Spanyolország;Prince Birabongse Bhanuban;F;1914.7.15;thaiföldi;;motor;Ecurie Siam;Maserati;Osca
1950.09.03;Olaszország;Prince Birabongse Bhanuban;F;1914.7.15;thaiföldi;;motor;Enrico Plate;Maserati;Maserati
1954.07.17;Nagy-Britannia;Prince Birabongse Bhanuban;F;1914.7.15;thaiföldi;;kiesett;Prince Bira;Maserati;Maserati
1954.10.24;Spanyolország;Prince Birabongse Bhanuban;F;1914.7.15;thaiföldi;9;;Prince Bira;Maserati;Maserati
1950.05.21;Monaco;Prince Birabongse Bhanuban;F;1914.7.15;thaiföldi;5;;Enrico Plate;Maserati;Maserati
1953.07.18;Nagy-Britannia;Prince Birabongse Bhanuban;F;1914.7.15;thaiföldi;7;;Connaught Engineering;Connaught;Lea
1954.01.17;Argentína;Prince Birabongse Bhanuban;F;1914.7.15;thaiföldi;7;;Officine Alfieri Maserati;Maserati;Maserati
1952.05.18;Svájc;Prince Birabongse Bhanuban;F;1914.7.15;thaiföldi;;motor;Equipe Gordini;Simca-Gordini;Gordini
1950.06.04;Svájc;Prince Birabongse Bhanuban;F;1914.7.15;thaiföldi;4;;Enrico Plate;Maserati;Maserati
1954.08.01;Németország;Prince Birabongse Bhanuban;F;1914.7.15;thaiföldi;;kormány;Prince Bira;Maserati;Maserati
1950.05.13;Nagy-Britannia;Prince Birabongse Bhanuban;F;1914.7.15;thaiföldi;;benzinhiány;Enrico Plate;Maserati;Maserati
1954.06.20;Belgium;Prince Birabongse Bhanuban;F;1914.7.15;thaiföldi;6;;Prince Bira;Maserati;Maserati
1954.07.04;Franciaország;Prince Birabongse Bhanuban;F;1914.7.15;thaiföldi;4;;Prince Bira;Maserati;Maserati
1952.06.22;Belgium;Prince Birabongse Bhanuban;F;1914.7.15;thaiföldi;10;;Equipe Gordini;Simca-Gordini;Gordini
1952.07.06;Franciaország;Prince Birabongse Bhanuban;F;1914.7.15;thaiföldi;;sebességváltó;Equipe Gordini;Gordini;Gordini
;;Siegfried Stohr;F;1952.10.10;olasz;;;;;
;;Ian Scheckter;F;1947.8.22;dél-afrikai;;;;;
;;Jan Magnussen;F;1973.7.4;dán;;;;;
;;Peter [Piet] de Klerk;F;1935.3.16;dél-afrikai;;;;;
1958.10.19;Marokkó;Tom Bridger;F;1934.6.24;brit;;karambol;British Racing Partnership;Cooper;Climax
;;Tiff Needell;F;1951.10.29;brit;;;;;
;;Hiroshi Fushida;F;1946.3.10;japán;;;;;
;;John Taylor;F;1933.3.23;brit;;;;;
;;Andrea Montermini;F;1964.5.30;olasz;;;;;
;;Al Pease;F;1921.10.15;kanadai;;;;;
1959.07.18;Nagy-Britannia;David Piper;F;1930.12.2;brit;;motor;Dorchester Service Station;Lotus;Climax
1960.07.16;Nagy-Britannia;David Piper;F;1930.12.2;brit;12;;Robert Bodle Ltd;Lotus;Climax
1960.07.03;Franciaország;David Piper;F;1930.12.2;brit;;motor;Robert Bodle Ltd;Lotus;Climax
1954.10.24;Spanyolország;Karl Kling;F;1910.9.16;német;5;;Daimler Benz AG;Mercedes;Mercedes
1955.01.16;Argentína;Karl Kling;F;1910.9.16;német;;karambol;Daimler Benz AG;Mercedes;Mercedes
1954.09.05;Olaszország;Karl Kling;F;1910.9.16;német;;karambol;Daimler Benz AG;Mercedes;Mercedes
1955.01.16;Argentína;Karl Kling;F;1910.9.16;német;4;;Daimler Benz AG;Mercedes;Mercedes
1954.07.17;Nagy-Britannia;Karl Kling;F;1910.9.16;német;7;;Daimler Benz AG;Mercedes;Mercedes
1955.09.11;Olaszország;Karl Kling;F;1910.9.16;német;;sebességváltó;Daimler Benz AG;Mercedes;Mercedes
1954.08.22;Svájc;Karl Kling;F;1910.9.16;német;;benzinbefecskendezõ;Daimler Benz AG;Mercedes;Mercedes
1955.07.16;Nagy-Britannia;Karl Kling;F;1910.9.16;német;3;;Daimler Benz AG;Mercedes;Mercedes
1954.08.01;Németország;Karl Kling;F;1910.9.16;német;4;;Daimler Benz AG;Mercedes;Mercedes
1954.07.04;Franciaország;Karl Kling;F;1910.9.16;német;2;;Daimler Benz AG;Mercedes;Mercedes
1955.06.05;Belgium;Karl Kling;F;1910.9.16;német;;olajfolyás;Daimler Benz AG;Mercedes;Mercedes
1955.06.19;Hollandia;Karl Kling;F;1910.9.16;német;;kicsúszás;Daimler Benz AG;Mercedes;Mercedes
1953.06.21;Belgium;Fred Wacker;F;1918.7.10;amerikai;9;;Equipe Gordini;Gordini;Gordini
1954.08.22;Svájc;Fred Wacker;F;1918.7.10;amerikai;;futómû;Equipe Gordini;Gordini;Gordini
1954.09.05;Olaszország;Fred Wacker;F;1918.7.10;amerikai;6;;Equipe Gordini;Gordini;Gordini
1953.08.23;Svájc;Fred Wacker;F;1918.7.10;amerikai;;nem azonosított;Equipe Gordini;Gordini;Gordini
1953.06.07;Hollandia;Fred Wacker;F;1918.7.10;amerikai;;nem rajtolt el;Equipe Gordini;Gordini;Gordini
1951.07.14;Nagy-Britannia;Consalvo Sanesi;F;1911.3.28;olasz;6;;Alfa Romeo SpA;Alfa;Alfa
1951.07.01;Franciaország;Consalvo Sanesi;F;1911.3.28;olasz;10;;Alfa Romeo SpA;Alfa;Alfa
1950.09.03;Olaszország;Consalvo Sanesi;F;1911.3.28;olasz;;motor;Alfa Romeo SpA;Alfa;Alfa
1951.06.17;Belgium;Consalvo Sanesi;F;1911.3.28;olasz;;hûtés;Alfa Romeo SpA;Alfa;Alfa
1951.05.27;Svájc;Consalvo Sanesi;F;1911.3.28;olasz;4;;Alfa Romeo SpA;Alfa;Alfa
;;Mauricio Gugelmin;F;1963.4.20;brazil;;;;;
;;Jenson Button;F;1980.1.19;brit;;;;;
1956.07.14;Nagy-Britannia;Jack Fairman;F;1913.3.15;brit;4;;Connaught Engineering;Connaught;Alta
1958.07.19;Nagy-Britannia;Jack Fairman;F;1913.3.15;brit;;gyújtás;BC Ecclestone;Connaught;Alta
1953.09.13;Olaszország;Jack Fairman;F;1913.3.15;brit;;nem teljesítette a távot;Connaught Engineering;Connaught;Lea
1955.07.16;Nagy-Britannia;Jack Fairman;F;1913.3.15;brit;;motor;Connaught Engineering;Connaught;Alta
1960.07.16;Nagy-Britannia;Jack Fairman;F;1913.3.15;brit;;benzinpumpa;CT Atkins;Cooper;Climax
1958.10.19;Marokkó;Jack Fairman;F;1913.3.15;brit;8;;Cooper Car Company;Cooper;Climax
1957.07.20;Nagy-Britannia;Jack Fairman;F;1913.3.15;brit;;motor;Owen Racing Organisation;BRM;BRM
1956.09.02;Olaszország;Jack Fairman;F;1913.3.15;brit;5;;Connaught Engineering;Connaught;Alta
1959.07.18;Nagy-Britannia;Jack Fairman;F;1913.3.15;brit;;sebességváltó;High Efficiency Motors;Cooper;Climax
1953.07.18;Nagy-Britannia;Jack Fairman;F;1913.3.15;brit;;kuplung;John Heath;HWM;Alta
1959.09.13;Olaszország;Jack Fairman;F;1913.3.15;brit;;motor;High Efficiency Motors;Cooper;Maserati
;;Vern Schuppan;F;1943.3.19;ausztrál;;;;;
1954.07.17;Nagy-Britannia;John Riseley-Prichard;F;1924.1.17;brit;;karambol;Rob Walker Racing Team;Connaught;Lea
;;Eliseo Salazar;F;1954.11.4;chilei;;;;;
;;Jean-Pierre Jabouille;F;1942.10.1;francia;;;;;
1958.08.03;Németország;Tony Marsh;F;1931.7.20;brit;8;;;Cooper;Climax
1957.08.04;Németország;Tony Marsh;F;1931.7.20;brit;15;;Ridgeway Managements;Cooper;Climax
;;Jose Dolhem;F;1944.4.26;francia;;;;;
1960.06.19;Belgium;Willy Mairesse;F;1928.10.1;belga;;futómû;Scuderia Ferrari;Ferrari;Ferrari
1960.09.04;Olaszország;Willy Mairesse;F;1928.10.1;belga;3;;Scuderia Ferrari;Ferrari;Ferrari
1960.07.03;Franciaország;Willy Mairesse;F;1928.10.1;belga;;futómû;Scuderia Ferrari;Ferrari;Ferrari
1959.05.30;USA;Ray Crawford;F;1915.10.26;amerikai;;karambol;Elder;Elder;Offenhauser
1956.05.30;USA;Ray Crawford;F;1915.10.26;amerikai;;karambol;Kurtis Kraft;Kurtis;Offenhauser
1955.05.30;USA;Ray Crawford;F;1915.10.26;amerikai;;motor;Kurtis Kraft;Kurtis;Offenhauser
;;Luca Badoer;F;1971.1.25;olasz;;;;;
1955.09.11;Olaszország;Hernando da Silva-Ramos;F;1925.12.7;brazil;;benzinpumpa;Equipe Gordini;Gordini;Gordini
1956.07.01;Franciaország;Hernando da Silva-Ramos;F;1925.12.7;brazil;8;;Equipe Gordini;Gordini;Gordini
1956.05.13;Monaco;Hernando da Silva-Ramos;F;1925.12.7;brazil;5;;Equipe Gordini;Gordini;Gordini
1956.09.02;Olaszország;Hernando da Silva-Ramos;F;1925.12.7;brazil;;motor;Equipe Gordini;Gordini;Gordini
1955.06.19;Hollandia;Hernando da Silva-Ramos;F;1925.12.7;brazil;8;;Equipe Gordini;Gordini;Gordini
1955.07.16;Nagy-Britannia;Hernando da Silva-Ramos;F;1925.12.7;brazil;;motor;Equipe Gordini;Gordini;Gordini
1956.07.14;Nagy-Britannia;Hernando da Silva-Ramos;F;1925.12.7;brazil;;sebességváltó;Equipe Gordini;Gordini;Gordini
;;Ben Pon;F;1936.12.9;holland;;;;;
1952.08.03;Németország;Hans Klenk;F;1919.10.18;német;11;;;Veritas;Veritas
;;Christian Klien;F;1983.2.7;osztrák;;;;;
1956.06.03;Belgium;Piero Scotti;F;1909.11.11;olasz;;olajnyomás;;Connaught;Alta
;;Hans-Joachim Stuck;F;1951.1.1;német;;;;;
1954.05.31;USA;Jim Rathmann;F;1928.7.16;amerikai;;kiesett;Kurtis Kraft;Kurtis;Offenhauser
1960.05.30;USA;Jim Rathmann;F;1928.7.16;amerikai;1;;Watson;Watson;Offenhauser
1953.05.30;USA;Jim Rathmann;F;1928.7.16;amerikai;7;;Ernest Ruiz;Kurtis;Offenhauser
1953.05.30;USA;Jim Rathmann;F;1928.7.16;amerikai;15;;Ray Crawford;Kurtis;Offenhauser
1954.05.31;USA;Jim Rathmann;F;1928.7.16;amerikai;;kiesett;Kurtis Kraft;Kurtis;Offenhauser
1952.05.30;USA;Jim Rathmann;F;1928.7.16;amerikai;2;;Grancor Auto;Kurtis;Offenhauser
1950.05.30;USA;Jim Rathmann;F;1928.7.16;amerikai;24;;John Lorenz;Wetteroth;Offenhauser
1957.05.30;USA;Jim Rathmann;F;1928.7.16;amerikai;2;;Epperly;Epperly;Offenhauser
1959.05.30;USA;Jim Rathmann;F;1928.7.16;amerikai;2;;Watson;Watson;Offenhauser
1955.05.30;USA;Jim Rathmann;F;1928.7.16;amerikai;14;;Epperly;Epperly;Offenhauser
1958.05.30;USA;Jim Rathmann;F;1928.7.16;amerikai;5;;Epperly;Epperly;Offenhauser
1956.05.30;USA;Jim Rathmann;F;1928.7.16;amerikai;;motor;Kurtis Kraft;Kurtis;Offenhauser
1953.05.30;USA;Johnny Mantz;F;1918.9.18;amerikai;17;;Eugene Casaroll;Kurtis;Offenhauser
